Rank,Game Title,Year,Genre
1,Wii Sports,2006.0,Sports
2,Super Mario Bros.,1985.0,Platform
3,Mario Kart Wii,2008.0,Racing
4,Wii Sports Resort,2009.0,Sports
5,Tetris,1989.0,Puzzle
6,New Super Mario Bros.,2006.0,Platform
7,Wii Play,2006.0,Misc
8,Duck Hunt,1984.0,Shooter
9,New Super Mario Bros. Wii,2009.0,Platform
10,Nintendogs,2005.0,Simulation
11,Pokémon Gold / Silver Version,1999.0,Role-Playing
12,Wii Fit,2007.0,Sports
13,Mario Kart DS,2005.0,Racing
14,Wii Fit Plus,2009.0,Sports
15,Grand Theft Auto: San Andreas,2004.0,Action
16,Super Mario World,1990.0,Platform
17,Brain Age: Train Your Brain in Minutes a Day,2005.0,Misc
18,Kinect Adventures!,2010.0,Misc
19,Super Mario Land,1989.0,Platform
20,Pokémon Diamond / Pearl Version,2006.0,Role-Playing
21,Super Mario Bros. 3,1988.0,Platform
22,Grand Theft Auto: Vice City,2002.0,Action
23,Pokémon Ruby / Sapphire Version,2002.0,Role-Playing
24,Brain Age 2: More Training in Minutes a Day,2005.0,Misc
25,Gran Turismo 3: A-Spec,2001.0,Racing
26,Call of Duty: Modern Warfare 3,2011.0,Shooter
27,Pokémon Yellow: Special Pikachu Edition,1998.0,Role-Playing
28,Pokémon Black / White Version,2010.0,Role-Playing
29,Call of Duty: Black Ops,2010.0,Shooter
30,Grand Theft Auto III,2001.0,Action
31,Call of Duty: Modern Warfare 2,2009.0,Shooter
32,Call of Duty: Modern Warfare 3,2011.0,Shooter
33,Super Mario 64,1996.0,Platform
34,Call of Duty: Black Ops,2010.0,Shooter
35,Call of Duty: Black Ops II,2012.0,Shooter
36,Animal Crossing: Wild World,2005.0,Simulation
37,Halo 3,2007.0,Shooter
38,Super Smash Bros. Brawl,2008.0,Fighting
39,Pokémon Heart Gold / Soul Silver Version,2009.0,Role-Playing
40,Gran Turismo 4,2004.0,Racing
41,The Sims,2000.0,Simulation
42,Super Mario Land 2: 6 Golden Coins,1992.0,Platform
43,Gran Turismo,1997.0,Racing
44,Super Mario Galaxy,2007.0,Platform
45,Super Mario All-Stars,1993.0,Platform
46,Pokémon FireRed / LeafGreen Version,2004.0,Role-Playing
47,Grand Theft Auto IV,2008.0,Action
48,Call of Duty: Modern Warfare 2,2009.0,Shooter
49,Super Mario 64 DS,2004.0,Platform
50,Mario Kart 64,1996.0,Racing
51,Call of Duty: Black Ops II,2012.0,Shooter
52,Just Dance 3,2011.0,Misc
53,Final Fantasy VII,1997.0,Role-Playing
54,Grand Theft Auto IV,2008.0,Action
55,Halo: Reach,2010.0,Shooter
56,Just Dance 2,2010.0,Misc
57,Gran Turismo 2,1999.0,Racing
58,Donkey Kong Country,1994.0,Platform
59,Call of Duty 4: Modern Warfare,2007.0,Shooter
60,Gran Turismo 5,2010.0,Racing
61,Super Mario Kart,1992.0,Racing
62,Mario Party DS,2007.0,Misc
63,Halo 2,2004.0,Shooter
64,Super Mario 3D Land,2011.0,Platform
65,Wii Party,2010.0,Misc
66,GoldenEye 007,1997.0,Shooter
67,Final Fantasy X,2001.0,Role-Playing
68,Myst,1994.0,Adventure
69,Halo 4,2012.0,Shooter
70,Mario Party 8,2007.0,Misc
71,Mario & Sonic at the Olympic Games,2007.0,Sports
72,Final Fantasy VIII,1999.0,Role-Playing
73,Mario Kart 7,2011.0,Racing
74,The Legend of Zelda: Ocarina of Time,1998.0,Adventure
75,Pokémon Platinum Version,2008.0,Role-Playing
76,Grand Theft Auto: Liberty City Stories,2005.0,Action
77,Super Mario Bros. 2,1988.0,Platform
78,Need for Speed Underground,2003.0,Racing
79,Tekken 3,1998.0,Fighting
80,The Elder Scrolls V: Skyrim,2011.0,Role-Playing
81,Super Smash Bros. Melee,2001.0,Fighting
82,Super Mario Galaxy 2,2010.0,Platform
83,Just Dance,2009.0,Misc
84,Mario Kart: Double Dash!!,2003.0,Racing
85,Call of Duty: World at War,2008.0,Shooter
86,Need for Speed Underground 2,2004.0,Racing
87,Medal of Honor: Frontline,2002.0,Shooter
88,The Legend of Zelda: Twilight Princess,2006.0,Adventure
89,Battlefield 3,2011.0,Shooter
90,Gears of War 2,2008.0,Shooter
91,Big Brain Academy,2005.0,Misc
92,The Legend of Zelda,1986.0,Adventure
93,Halo: Combat Evolved,2001.0,Shooter
94,Pokémon Emerald Version,2004.0,Role-Playing
95,Pokémon Crystal Version,2000.0,Role-Playing
96,Pokemon Black / White Version 2,2012.0,Role-Playing
97,FIFA Soccer 12,2011.0,Sports
98,Super Mario Sunshine,2002.0,Platform
99,Street Fighter II: The World Warrior,1992.0,Fighting
100,Zumba Fitness,2010.0,Sports
101,Call of Duty 4: Modern Warfare,2007.0,Shooter
102,Battlefield 3,2011.0,Shooter
103,Driver,1999.0,Action
104,World of Warcraft,2004.0,Role-Playing
105,FIFA Soccer 13,2012.0,Action
106,Halo 3: ODST,2009.0,Shooter
107,Uncharted 2: Among Thieves,2009.0,Action
108,Metal Gear Solid 2: Sons of Liberty,2001.0,Action
109,Sonic the Hedgehog 2,1992.0,Platform
110,Metal Gear Solid,1998.0,Action
111,Gears of War,2006.0,Shooter
112,Final Fantasy XII,2006.0,Role-Playing
113,Donkey Kong Country Returns,2010.0,Platform
114,Kingdom Hearts,2002.0,Role-Playing
115,Resident Evil 2,1998.0,Action
116,Gears of War 3,2011.0,Shooter
117,Uncharted 3: Drake's Deception,2011.0,Action
118,Metal Gear Solid 4: Guns of the Patriots,2008.0,Action
119,Tekken 2,1996.0,Fighting
120,Dragon Quest IX: Sentinels of the Starry Skies,2009.0,Role-Playing
121,New Super Mario Bros. 2,2012.0,Platform
122,Tetris,1988.0,Puzzle
123,Super Smash Bros.,1999.0,Fighting
124,Kinect Sports,2010.0,Sports
125,Super Mario Advance,2001.0,Platform
126,Mario Kart: Super Circuit,2001.0,Racing
127,Red Dead Redemption,2010.0,Action
128,Super Mario World: Super Mario Advance 2,2001.0,Platform
129,Cooking Mama,2006.0,Simulation
130,Pokémon Stadium,1999.0,Strategy
131,Crash Bandicoot: The Wrath of Cortex,2001.0,Platform
132,Red Dead Redemption,2010.0,Action
133,Assassin's Creed II,2009.0,Action
134,Monster Hunter Freedom Unite,2008.0,Role-Playing
135,Forza Motorsport 3,2009.0,Racing
136,Dr. Mario,1989.0,Puzzle
137,Just Dance 4,2012.0,Misc
138,Pokémon Pinball,1999.0,Misc
139,Final Fantasy IX,2000.0,Role-Playing
140,Final Fantasy X-2,2003.0,Role-Playing
141,Donkey Kong 64,1999.0,Platform
142,Assassin's Creed,2007.0,Adventure
143,Tomb Raider II,1997.0,Adventure
144,Madden NFL 2004,,Sports
145,Dragon Quest VIII: Journey of the Cursed King,2004.0,Role-Playing
146,Super Mario Advance 4: Super Mario Bros. 3,2003.0,Platform
147,Super Mario Land 3: Wario Land,1994.0,Platform
148,LittleBigPlanet,2008.0,Platform
149,Donkey Kong Country 2: Diddy's Kong Quest,1995.0,Platform
150,Medal of Honor: Rising Sun,2003.0,Shooter
151,Kirby's Dream Land,1992.0,Platform
152,Microsoft Flight Simulator,1996.0,Simulation
153,Guitar Hero II,2006.0,Misc
154,Assassin's Creed II,2009.0,Action
155,Super Mario Bros. Deluxe,1999.0,Platform
156,Professor Layton and the Curious Village,2007.0,Adventure
157,LEGO Star Wars: The Complete Saga,2007.0,Action
158,Resident Evil,1996.0,Action
159,Tony Hawk's Pro Skater,1999.0,Sports
160,Mario & Sonic at the Olympic Games,2008.0,Sports
161,Warzone 2100,1999.0,Strategy
162,Spyro the Dragon,1998.0,Platform
163,Call of Duty: World at War,2008.0,Shooter
164,Guitar Hero III: Legends of Rock,2007.0,Misc
165,Link's Crossbow Training,2007.0,Shooter
166,The Legend of Zelda: Phantom Hourglass,2007.0,Adventure
167,Final Fantasy XIII,2009.0,Role-Playing
168,Madden NFL 06,2005.0,Sports
169,FIFA Soccer 11,2010.0,Sports
170,Fable III,2010.0,Role-Playing
171,Pokémon Mystery Dungeon: Explorers of Time / Darkness,2007.0,Role-Playing
172,Diddy Kong Racing,1997.0,Racing
173,Dr. Mario,1990.0,Puzzle
174,Resident Evil 5,2009.0,Action
175,Crash Team Racing,1999.0,Racing
176,Grand Theft Auto: Vice City Stories,2006.0,Action
177,Driver 2,2000.0,Action
178,Assassin's Creed III,2012.0,Action
179,The Simpsons: Hit & Run,2003.0,Racing
180,Tony Hawk's Pro Skater 2,2000.0,Sports
181,The Lord of the Rings: The Two Towers,2002.0,Action
182,Tomb Raider,1996.0,Action
183,The Legend of Zelda: A Link to the Past,1991.0,Adventure
184,The Legend of Zelda: The Wind Waker,2002.0,Adventure
185,Uncharted: Drake's Fortune,2007.0,Action
186,God of War III,2010.0,Action
187,Assassin's Creed,2007.0,Adventure
188,Madden NFL 2005,2004.0,Sports
189,Guitar Hero III: Legends of Rock,2007.0,Misc
190,The Elder Scrolls V: Skyrim,2011.0,Role-Playing
191,Assassin's Creed: Brotherhood,2010.0,Action
192,Madden NFL 07,2006.0,Sports
193,Spider-Man: The Movie,2002.0,Action
194,FIFA Soccer 13,2012.0,Action
195,Dragon Warrior VII,2000.0,Role-Playing
196,LEGO Star Wars: The Complete Saga,2007.0,Action
197,God of War,2005.0,Action
198,Animal Crossing: City Folk,2008.0,Simulation
199,Tony Hawk's Pro Skater 3,2001.0,Sports
200,Winning Eleven: Pro Evolution Soccer 2007,2006.0,Sports
201,Guitar Hero III: Legends of Rock,2007.0,Misc
202,Zelda II: The Adventure of Link,1987.0,Adventure
203,Mario & Sonic at the Olympic Winter Games,2009.0,Sports
204,Need for Speed: Most Wanted,2005.0,Racing
205,Assassin's Creed: Brotherhood,2010.0,Action
206,Sonic the Hedgehog,1991.0,Platform
207,Michael Jackson: The Experience,2010.0,Misc
208,Namco Museum,2001.0,Misc
209,Metal Gear Solid 3: Snake Eater,2004.0,Action
210,Batman: Arkham City,2011.0,Action
211,Warcraft II: Tides of Darkness,1995.0,Strategy
212,FIFA Soccer 06,2005.0,Sports
213,EyeToy Play,2003.0,Misc
214,Assassin's Creed III,2012.0,Action
215,Excitebike,1984.0,Racing
216,Frogger,1997.0,Action
217,Madden NFL 2003,2002.0,Sports
218,Resistance: Fall of Man,2006.0,Shooter
219,Super Mario World 2: Yoshi's Island,1995.0,Platform
220,Gran Turismo 5 Prologue,2007.0,Racing
221,Half-Life,1997.0,Shooter
222,Fable II,2008.0,Role-Playing
223,FIFA 07 Soccer,2006.0,Sports
224,Street Fighter II Turbo,1992.0,Fighting
225,Kingdom Hearts II,2005.0,Role-Playing
226,Daxter,2006.0,Platform
227,God of War II,2007.0,Action
228,FIFA Soccer 12,2011.0,Sports
229,World Soccer Winning Eleven 9,2005.0,Sports
230,Namco Museum Vol.3,1996.0,Misc
231,Tekken Tag Tournament,2000.0,Fighting
232,Star Fox 64,1997.0,Shooter
233,Fallout 3,2008.0,Role-Playing
234,Golf,1984.0,Sports
235,Forza Motorsport 2,2007.0,Racing
236,World of Warcraft: The Burning Crusade,2007.0,Role-Playing
237,World of Warcraft: Wrath of the Lich King,2008.0,Role-Playing
238,Namco Museum: 50th Anniversary,2005.0,Misc
239,The Elder Scrolls IV: Oblivion,2006.0,Role-Playing
240,Professor Layton and the Diabolical Box,2007.0,Adventure
241,Forza Motorsport 4,2011.0,Racing
242,Carnival Games,2007.0,Misc
243,Donkey Kong Land,1994.0,Platform
244,Assassin's Creed: Revelations,2011.0,Action
245,Tony Hawk's Underground,2003.0,Sports
246,StarCraft II: Wings of Liberty,2010.0,Strategy
247,Tekken 5,2005.0,Fighting
248,Dragon Warrior III,1988.0,Role-Playing
249,World Soccer Winning Eleven 8 International,2004.0,Sports
250,Namco Museum Vol.1,1995.0,Misc
251,EA Sports Active,2009.0,Sports
252,Assassin's Creed: Revelations,2011.0,Action
253,The Legend of Zelda: Link's Awakening,1992.0,Adventure
254,RollerCoaster Tycoon,,Strategy
255,Flash Focus: Vision Training in Minutes a Day,2007.0,Misc
256,Resident Evil Director's Cut,1996.0,Action
257,MotorStorm,2006.0,Racing
258,The Sims: Unleashed,2002.0,Simulation
259,Harry Potter and the Sorcerer's Stone,2001.0,Action
260,StarCraft,1998.0,Strategy
261,Big Brain Academy: Wii Degree,2007.0,Misc
262,Mario & Luigi: Bowser's Inside Story,2009.0,Role-Playing
263,Resident Evil 3: Nemesis,1999.0,Action
264,Spyro: Year of the Dragon,2000.0,Platform
265,Batman: Arkham Asylum,2009.0,Action
266,FIFA Soccer 2005,2004.0,Sports
267,Pokémon Trading Card Game,1998.0,Strategy
268,Tomodachi Collection,2009.0,Misc
269,Tony Hawk's Pro Skater 4,2002.0,Sports
270,Banjo-Kazooie,1998.0,Platform
271,SOCOM: U.S. Navy SEALs,2002.0,Shooter
272,Batman: Arkham City,2011.0,Action
273,Ratchet & Clank: Size Matters,2007.0,Platform
274,Jak and Daxter: The Precursor Legacy,2001.0,Platform
275,The Legend of Zelda: Skyward Sword,2011.0,Adventure
276,Pokémon Snap,1999.0,Simulation
277,Pro Evolution Soccer 2008,2007.0,Sports
278,LEGO Indiana Jones: The Original Adventures,2008.0,Adventure
279,Resident Evil 4,2005.0,Action
280,MySims,2007.0,Simulation
281,Star Wars Battlefront,2004.0,Shooter
282,Doom II,1994.0,Shooter
283,The Simpsons: Road Rage,2001.0,Racing
284,Luigi's Mansion,2001.0,Action
285,Left 4 Dead 2,2009.0,Shooter
286,Star Wars Battlefront II,2005.0,Shooter
287,WWF SmackDown!,2000.0,Fighting
288,Midnight Club 3: DUB Edition,2005.0,Racing
289,Guitar Hero: World Tour,2008.0,Misc
290,Grand Theft Auto: Liberty City Stories,2006.0,Action
291,The Getaway,2002.0,Action
292,Tomb Raider III: Adventures of Lara Croft,1997.0,Adventure
293,Super Paper Mario,2007.0,Platform
294,James Bond 007: Agent Under Fire,2001.0,Shooter
295,LEGO Star Wars: The Video Game,2005.0,Action
296,FIFA Soccer 10,2009.0,Sports
297,Rugrats in Paris: The Movie,2000.0,Action
298,Spyro 2: Ripto's Rage!,1999.0,Platform
299,Donkey Kong Country 3: Dixie Kong's Double Trouble!,1996.0,Platform
300,Cooking Mama 2: Dinner With Friends,2007.0,Simulation
301,Kung Fu,1985.0,Action
302,FIFA Soccer 2004,,Sports
303,Who wants to be a millionaire,1999.0,Misc
304,Sports Champions,2010.0,Sports
305,FIFA Soccer 11,2010.0,Sports
306,Diablo,1996.0,Role-Playing
307,Guitar Hero: On Tour,2008.0,Misc
308,Tekken 4,2002.0,Fighting
309,Mario & Sonic at the London 2012 Olympic Games,2011.0,Sports
310,Grand Theft Auto 2,1998.0,Adventure
311,Final Fantasy III,1994.0,Role-Playing
312,Spider-Man 2,2004.0,Action
313,F-1 Race,1990.0,Racing
314,FIFA Soccer 2003,2002.0,Sports
315,Crash Bash,2000.0,Misc
316,Fallout: New Vegas,2010.0,Role-Playing
317,The Legend of Zelda: Majora's Mask,2000.0,Adventure
318,WWF War Zone,1998.0,Fighting
319,Clubhouse Games,2006.0,Misc
320,Rugrats: Search For Reptar,1998.0,Adventure
321,English Training: Have Fun Improving Your Skills!,2006.0,Misc
322,Mario & Sonic at the Olympic Winter Games,2009.0,Sports
323,James Bond 007: Nightfire,2002.0,Shooter
324,Ratchet & Clank,2002.0,Platform
325,Star Wars Episode III: Revenge of the Sith,2005.0,Action
326,Max Payne,2001.0,Shooter
327,Battlefield: Bad Company 2,2010.0,Shooter
328,Resident Evil 5,2009.0,Action
329,World of Warcraft: Cataclysm,2010.0,Role-Playing
330,The Lord of the Rings: The Return of the King,2003.0,Action
331,True Crime: Streets of LA,2003.0,Action
332,Left 4 Dead,2008.0,Shooter
333,Tekken,1995.0,Fighting
334,007: Tomorrow Never Dies,1999.0,Shooter
335,Killer Instinct,1995.0,Fighting
336,Baseball,1983.0,Sports
337,WWF SmackDown! 2: Know Your Role,2000.0,Fighting
338,Wii Music,2008.0,Misc
339,Dragon Quest VI: Maboroshi no Daichi,1995.0,Role-Playing
340,Enter the Matrix,2003.0,Action
341,The Sims 2,2004.0,Simulation
342,The Legend of Zelda: Spirit Tracks,2009.0,Adventure
343,Ace Combat 04: Shattered Skies,2001.0,Simulation
344,Animal Crossing,2001.0,Simulation
345,Fallout 3,2008.0,Role-Playing
346,FIFA Soccer 08,2007.0,Sports
347,Borderlands,2009.0,Shooter
348,Spider-Man,2000.0,Action
349,Need for Speed III: Hot Pursuit,1998.0,Racing
350,Star Wars Episode I Racer,1999.0,Racing
351,Dragon Warrior IV,1990.0,Role-Playing
352,God of War: Chains of Olympus,2008.0,Action
353,Dragon Ball Z: Budokai,2002.0,Fighting
354,Personal Trainer: Cooking,2006.0,Misc
355,Madden NFL 2002,2001.0,Sports
356,World Class Track Meet,1986.0,Sports
357,Donkey Kong,1994.0,Platform
358,The Sims: Vacation,2002.0,Simulation
359,Crisis Core: Final Fantasy VII,2007.0,Role-Playing
360,Professor Layton and the Unwound Future,2008.0,Adventure
361,Diablo III,2012.0,Role-Playing
362,Sonic Rush,2005.0,Platform
363,Rayman,1995.0,Platform
364,The Sims 3,2009.0,Simulation
365,Tom Clancy's Splinter Cell,2002.0,Action
366,Rhythm Heaven,2008.0,Misc
367,The Legend of Zelda: Ocarina of Time,2011.0,Adventure
368,Mike Tyson's Punch-Out!!,1987.0,Fighting
369,WWE SmackDown! Shut Your Mouth,2002.0,Sports
370,Kung Fu Panda,2008.0,Platform
371,LEGO Batman: The Videogame,2008.0,Adventure
372,Dragon Ball Z: Budokai Tenkaichi 3,2007.0,Fighting
373,Batman: Arkham Asylum,2009.0,Action
374,wwe Smackdown vs. Raw 2006,,Fighting
375,Star Fox,1993.0,Shooter
376,The Sims: Livin Large,2000.0,Misc
377,World Soccer Winning Eleven 6 International,2002.0,Sports
378,Devil May Cry,2001.0,Action
379,Mass Effect 2,2010.0,Role-Playing
380,Dance Central,2010.0,Misc
381,Sonic Heroes,2003.0,Platform
382,Hitman 2: Silent Assassin,2002.0,Action
383,Nintendogs + cats,2011.0,Simulation
384,Wave Race 64,1996.0,Racing
385,SOCOM II: U.S. Navy SEALs,2003.0,Shooter
386,WWE SmackDown! vs. RAW 2006,2005.0,Fighting
387,Pac-Man Collection,2001.0,Puzzle
388,Gran Turismo,2009.0,Racing
389,Yoshi's Island: Super Mario Advance 3,2002.0,Platform
390,Sonic Mega Collection Plus,2004.0,Misc
391,World Soccer Winning Eleven 7 International,2003.0,Sports
392,Hot Shots Golf 3,2001.0,Sports
393,Killzone 2,2009.0,Shooter
394,Call of Duty: Finest Hour,2004.0,Shooter
395,Syphon Filter,1999.0,Shooter
396,LittleBigPlanet 2,2011.0,Platform
397,Colin McRae Rally,1998.0,Racing
398,Kirby Super Star Ultra,2008.0,Platform
399,The Elder Scrolls III: Morrowind,2002.0,Role-Playing
400,Disney Epic Mickey,2010.0,Platform
401,Imagine: Babyz,2007.0,Simulation
402,Yoshi's Story,1997.0,Platform
403,F-Zero,1990.0,Racing
404,Doom,1992.0,Shooter
405,Command & Conquer: Red Alert,1996.0,Strategy
406,Sega Superstars Tennis,2008.0,Sports
407,Cooking Mama: Cook Off,2007.0,Simulation
408,WarioWare: Smooth Moves,2006.0,Puzzle
409,WWE SmackDown! vs. Raw,2002.0,Fighting
410,LEGO Batman: The Videogame,2008.0,Adventure
411,Diablo II,2000.0,Role-Playing
412,Metroid Prime,2002.0,Shooter
413,Finding Nemo,2003.0,Action
414,WWE SmackDown! Here Comes the Pain,2003.0,Fighting
415,The Elder Scrolls V: Skyrim,2011.0,Role-Playing
416,Imagine: Fashion Designer,2007.0,Simulation
417,Hot Shots Golf,1997.0,Sports
418,A Bug's Life,1998.0,Platform
419,WWF SmackDown! Just Bring It,2001.0,Fighting
420,Mortal Kombat Trilogy,1996.0,Fighting
421,The Elder Scrolls IV: Oblivion,2007.0,Role-Playing
422,NBA Street,2001.0,Sports
423,Madden NFL 10,2009.0,Sports
424,Jak II,2003.0,Platform
425,Ratchet & Clank: Going Commando,2003.0,Platform
426,The Sims,2003.0,Simulation
427,Battlefield: Bad Company 2,2010.0,Shooter
428,Mass Effect,2007.0,Role-Playing
429,Mario Paint,1992.0,Misc
430,Saints Row 2,2008.0,Action
431,Pokémon Stadium 2,2000.0,Strategy
432,Metroid,1986.0,Adventure
433,L.A. Noire,2011.0,Adventure
434,Age of Empires II: The Age of Kings,1999.0,Strategy
435,LEGO Batman: The Videogame,,Adventure
436,The Legend of Zelda: A Link to the Past,2002.0,Adventure
437,Onimusha: Warlords,2001.0,Action
438,Mario Party,1998.0,Misc
439,Mass Effect 3,2012.0,Role-Playing
440,LEGO Star Wars II: The Original Trilogy,2006.0,Action
441,Yoshi's Island DS,2006.0,Platform
442,Burnout 3: Takedown,2004.0,Racing
443,Mortal Kombat,1992.0,Fighting
444,Call Of Duty 2: Big Red One,2005.0,Shooter
445,Medal of Honor,1998.0,Shooter
446,Fable,2004.0,Role-Playing
447,Tom Clancy's Splinter Cell,2003.0,Action
448,Super Mario Bros. 2 (FDS),1986.0,Platform
449,Star Wars: Shadows of the Empire,1996.0,Action
450,Hannah Montana,2006.0,Action
451,Madden NFL 11,2010.0,Sports
452,Midnight Club: Street Racing,2000.0,Racing
453,ESPN NFL 2K5,2004.0,Sports
454,Madden NFL 12,2011.0,Sports
455,Call of Duty 3,2006.0,Shooter
456,Harry Potter and the Chamber of Secrets,2002.0,Adventure
457,Mario vs. Donkey Kong: Mini-Land Mayhem!,2010.0,Puzzle
458,Medal of Honor,2010.0,Shooter
459,Streets of Rage,1990.0,Action
460,NBA Live 2005,2004.0,Sports
461,inFAMOUS,2009.0,Action
462,BioShock,2007.0,Shooter
463,Sonic and the Secret Rings,2007.0,Platform
464,WWE SmackDown vs. RAW 2007,2006.0,Fighting
465,Ratchet & Clank: Up Your Arsenal,2004.0,Platform
466,Medal of Honor Heroes,2006.0,Shooter
467,Tekken: Dark Resurrection,2006.0,Fighting
468,Madden NFL 08,2007.0,Sports
469,FIFA Soccer 10,2009.0,Sports
470,Star Wars: The Old Republic,2011.0,Role-Playing
471,Sonic Adventure 2 Battle,2001.0,Platform
472,Dragon Warrior II,1987.0,Role-Playing
473,Super Mario All-Stars: Limited Edition,2010.0,Platform
474,Guitar Hero: World Tour,2008.0,Misc
475,Star Wars: The Force Unleashed,2008.0,Action
476,Zumba Fitness 2,2011.0,Sports
477,Pokémon Colosseum,2003.0,Role-Playing
478,Need for Speed: Shift,2009.0,Racing
479,NBA 2K12,2011.0,Sports
480,God of War Collection,2009.0,Action
481,Crazy Taxi,2001.0,Racing
482,Perfect Dark,2000.0,Action
483,Monster Hunter Freedom 2,2007.0,Role-Playing
484,FIFA Soccer 09,2008.0,Sports
485,Tekken 6,2009.0,Fighting
486,PES 2009: Pro Evolution Soccer,2008.0,Sports
487,Mario Party 2,1999.0,Misc
488,Madden NFL 09,2008.0,Sports
489,Rockstar Games Double Pack: Grand Theft Auto III & Grand Theft Auto Vice City,2003.0,Action
490,Mario Strikers Charged,2007.0,Sports
491,Mortal Kombat: Deadly Alliance,2002.0,Fighting
492,Style Savvy,2008.0,Simulation
493,Medal of Honor,2010.0,Shooter
494,Tomb Raider: The Last Revelation,1998.0,Action
495,Mario Party 4,2002.0,Misc
496,Need for Speed: Hot Pursuit,2010.0,Racing
497,Skylanders: Spyro's Adventure,2011.0,Action
498,Madden NFL 13,2012.0,Sports
499,Marvel: Ultimate Alliance,2006.0,Role-Playing
500,Final Fantasy Tactics,1997.0,Role-Playing
501,Final Fantasy V,1992.0,Role-Playing
502,Deca Sports,2008.0,Sports
503,Art Academy,2010.0,Misc
504,Fallout: New Vegas,2010.0,Role-Playing
505,Saints Row: The Third,2011.0,Action
506,Twisted Metal 2,1996.0,Racing
507,Killzone 3,2011.0,Shooter
508,Professor Layton and the Last Specter,2009.0,Adventure
509,The Sims: Bustin' Out,2003.0,Simulation
510,Mario Party 9,2012.0,Misc
511,Riven: The Sequel to Myst,1997.0,Adventure
512,L.A. Noire,2011.0,Adventure
513,Sonic Adventure,1998.0,Platform
514,Ice Hockey,1988.0,Sports
515,Ratchet & Clank Future: Tools of Destruction,2007.0,Platform
516,Pure,2008.0,Racing
517,Dragon Ball Z: Budokai 2,2003.0,Fighting
518,Dragon Age: Origins,2009.0,Role-Playing
519,ATV Offroad Fury,2001.0,Racing
520,Dino Crisis,1998.0,Action
521,Need for Speed: ProStreet,2007.0,Racing
522,Tetris Plus,1996.0,Puzzle
523,Pro Wrestling,1987.0,Fighting
524,Rock Band,,Misc
525,Frogger's Adventures: Temple of the Frog,,Adventure
526,Monopoly,1994.0,Misc
527,Guitar Hero,2005.0,Misc
528,WCW/nWo Revenge,1998.0,Fighting
529,Resident Evil 6,2012.0,Action
530,Yu-Gi-Oh! The Duelists of the Roses,2001.0,Misc
531,The Incredibles,2004.0,Action
532,Tony Hawk's Underground 2,2004.0,Sports
533,Half-Life 2,2004.0,Shooter
534,Kirby's Dream Land 2,1995.0,Platform
535,Tom Clancy's Rainbow Six: Vegas 2,2008.0,Shooter
536,Need for Speed Carbon: Own the City,2006.0,Racing
537,Resistance 2,2008.0,Shooter
538,Theme Hospital,1997.0,Strategy
539,uDraw Studio,2010.0,Misc
540,Donkey Kong Land 2,1996.0,Platform
541,Battlefield 3,2011.0,Shooter
542,pro evolution soccer 2011,2010.0,Sports
543,Madden NFL 08,2007.0,Sports
544,WWE SmackDown vs Raw 2008,2007.0,Fighting
545,Resident Evil - Code: Veronica X,2001.0,Action
546,Madden NFL 10,2009.0,Sports
547,Mario Tennis,2000.0,Sports
548,Grand Theft Auto,1997.0,Action
549,James Bond 007: Everything or Nothing,2004.0,Shooter
550,Borderlands 2,2012.0,Shooter
551,Need For Speed: High Stakes,1999.0,Racing
552,Chrono Trigger,1995.0,Role-Playing
553,Madden NFL 11,2010.0,Sports
554,Final Fantasy XIII-2,2011.0,Role-Playing
555,Heavy Rain,2010.0,Adventure
556,Halo Wars,2009.0,Strategy
557,Tomb Raider II,1997.0,Adventure
558,Need for Speed Underground 2,2004.0,Racing
559,My Fitness Coach,2008.0,Sports
560,Mario Bros.,1983.0,Platform
561,FIFA Soccer 09,2008.0,Sports
562,TOCA Championship Racing,1998.0,Racing
563,WarioWare Touched!,2004.0,Puzzle
564,Kirby: Nightmare in Dream Land,2002.0,Platform
565,Wario Land 4,2001.0,Platform
566,Onimusha 2: Samurai's Destiny,2002.0,Adventure
567,Paper Mario: The Thousand-Year Door,2004.0,Role-Playing
568,Pokémon Ranger: Shadows of Almia,2008.0,Role-Playing
569,Pro Evolution Soccer 2010,2009.0,Sports
570,NBA 2K13,2012.0,Action
571,Sonic Advance,2001.0,Platform
572,Spyro: Season of Ice,2001.0,Platform
573,Prince of Persia: The Sands of Time,2003.0,Adventure
574,LEGO Indiana Jones: The Original Adventures,,Adventure
575,The Legend of Zelda: Link's Awakening DX,1998.0,Adventure
576,LEGO Harry Potter: Years 1-4,2010.0,Adventure
577,Devil May Cry 3: Dante's Awakening Special Edition,2006.0,Action
578,Wario Land 3,2000.0,Platform
579,Star Wars: Knights of the Old Republic,2003.0,Role-Playing
580,Kirby's Pinball Land,1992.0,Misc
581,Donkey Kong Country,2000.0,Platform
582,Yu-Gi-Oh: Duel Monsters 4,2000.0,Role-Playing
583,Call of Duty 3,,Shooter
584,ATV Offroad Fury 2,2002.0,Racing
585,LittleBigPlanet,2009.0,Platform
586,Mario & Luigi: Superstar Saga,2003.0,Role-Playing
587,Super Monkey Ball: Banana Blitz,2006.0,Misc
588,Star Wars: Rogue Squadron,1998.0,Simulation
589,Tennis,1984.0,Sports
590,The Sims: House Party,2001.0,Simulation
591,Dissidia: Final Fantasy,2008.0,Fighting
592,Guitar Hero III: Legends of Rock,2007.0,Misc
593,Syphon Filter 2,2000.0,Shooter
594,Volleyball,1987.0,Sports
595,Far Cry 3,2012.0,Shooter
596,Madden NFL 12,2011.0,Sports
597,Rock Band 2,2008.0,Misc
598,Mahjong,1983.0,Misc
599,Super Mario RPG: Legend of the Seven Stars,1996.0,Role-Playing
600,SimCity 2000,1992.0,Simulation
601,Halo: Combat Evolved Anniversary,2011.0,Shooter
602,Sonic's Ultimate Genesis Collection,2009.0,Misc
603,Saints Row,2006.0,Action
604,Dance Dance Revolution Extreme,2004.0,Simulation
605,Resident Evil 4,2007.0,Action
606,Final Fantasy Tactics Advance,2003.0,Action
607,Grand Theft Auto: Episodes from Liberty City,2009.0,Adventure
608,Kinect Sports: Season Two,2011.0,Sports
609,Pro Evolution Soccer 2012,2011.0,Sports
610,Project Gotham Racing,2001.0,Racing
611,Golf,1989.0,Sports
612,Midnight Club: Los Angeles,2008.0,Racing
613,Mortal Kombat,2011.0,Fighting
614,LEGO Indiana Jones: The Original Adventures,2008.0,Adventure
615,Pokémon Ranger,2006.0,Role-Playing
616,Kinect: Disneyland Adventures,2011.0,Misc
617,Tony Hawk's Pro Skater,2000.0,Sports
618,Need for Speed: Hot Pursuit 2,2002.0,Racing
619,Dynasty Warriors 4,2003.0,Action
620,Parasite Eve,1998.0,Role-Playing
621,Scooby-Doo! Night of 100 Frights,2002.0,Platform
622,Project Gotham Racing (JP weekly sales),2002.0,Action
623,LEGO Harry Potter: Years 1-4,2010.0,Adventure
624,Guitar Hero II,2007.0,Misc
625,Devil May Cry 3: Dante's Awakening,2005.0,Action
626,Monster Hunter Tri,2009.0,Role-Playing
627,Finding Nemo,2003.0,Action
628,Tetris Worlds,2002.0,Puzzle
629,PES 2009: Pro Evolution Soccer,2008.0,Sports
630,Mario Party 5,2003.0,Misc
631,Warcraft: Orcs & Humans,1994.0,Strategy
632,Spec Ops: Airborne Commando,2002.0,Shooter
633,Tetris DS,2006.0,Puzzle
634,Yu-Gi-Oh! The Eternal Duelist Soul,2001.0,Strategy
635,Dead Island,2011.0,Action
636,Saints Row: The Third,2011.0,Action
637,The Incredibles,2004.0,Action
638,Pokémon Mystery Dungeon: Red Rescue Team,2005.0,Role-Playing
639,R4: Ridge Racer Type 4,1998.0,Racing
640,SoulCalibur II,2003.0,Fighting
641,Call of Duty: Roads to Victory,2007.0,Shooter
642,Sim Theme Park,1998.0,Strategy
643,Sonic Mega Collection,2002.0,Misc
644,Street Fighter IV,2009.0,Fighting
645,NBA Jam,1992.0,Sports
646,The Sims 2: Pets,2006.0,Simulation
647,Rock Band,,Misc
648,SOCOM: U.S. Navy SEALs: Combined Assault,2006.0,Shooter
649,Peter Jackson's King Kong: The Official Game of the Movie,2005.0,Action
650,Donkey Kong Country,2003.0,Platform
651,Madden NFL 13,2012.0,Sports
652,NBA 2K11,2010.0,Sports
653,1080°: TenEighty Snowboarding,1998.0,Sports
654,NBA Live 2004,2003.0,Sports
655,Mario Sports Mix,2010.0,Sports
656,BioShock 2,2010.0,Shooter
657,Final Fantasy III,2006.0,Role-Playing
658,Midnight Club: Los Angeles,2008.0,Racing
659,UFC 2009 Undisputed,2009.0,Fighting
660,Tom Clancy's Splinter Cell: Conviction,2010.0,Action
661,Dragon Warrior,1986.0,Role-Playing
662,Super Street Fighter II,1993.0,Fighting
663,Need for Speed: Hot Pursuit,2010.0,Racing
664,Kirby's Epic Yarn,2010.0,Platform
665,Need for Speed: ProStreet,2007.0,Racing
666,Dead Rising,2006.0,Action
667,Tenchu: Stealth Assassins,1997.0,Action
668,NBA 2K12,2011.0,Sports
669,Harry Potter and the Chamber of Secrets,2002.0,Adventure
670,Harry Potter and the Chamber of Secrets,2002.0,Adventure
671,SimCity,1991.0,Simulation
672,Pokémon Mystery Dungeon: Blue Rescue Team,2005.0,Role-Playing
673,Yoshi,1991.0,Puzzle
674,Spyro: Enter the Dragonfly,2002.0,Platform
675,Zumba Fitness,2010.0,Sports
676,PGR4 - Project Gotham Racing 4,2007.0,Racing
677,Devil May Cry 2,2003.0,Action
678,Sonic Unleashed,2008.0,Platform
679,TouchMaster,2007.0,Puzzle
680,Just Dance Kids,2010.0,Misc
681,Rayman Raving Rabbids: TV Party,2008.0,Misc
682,Rad Racer,1986.0,Racing
683,Soccer,1985.0,Sports
684,Scribblenauts,2009.0,Puzzle
685,Need for Speed: ProStreet,2007.0,Racing
686,Crash Nitro Kart,2003.0,Racing
687,Grand Theft Auto: San Andreas,2005.0,Action
688,The 7th Guest,1992.0,Adventure
689,Star Wars: Dark Forces,1994.0,Shooter
690,Star Wars: The Force Unleashed,2008.0,Action
691,NBA Street Vol. 2,2003.0,Sports
692,Final Fantasy XIII,2010.0,Role-Playing
693,Def Jam Vendetta,2003.0,Fighting
694,Alleyway,1989.0,Puzzle
695,Scooby Doo and the Cyber Chase,2001.0,Adventure
696,Dragon Ball Z: Budokai 3,2004.0,Fighting
697,Jet Moto 2,1997.0,Racing
698,Tom Clancy's Ghost Recon,2002.0,Shooter
699,X-Men Legends,2004.0,Role-Playing
700,Virtua Fighter 2,1995.0,Fighting
701,Mortal Kombat II,1993.0,Fighting
702,LEGO Star Wars: The Complete Saga,2007.0,Action
703,Tetris DX,1998.0,Puzzle
704,Skylanders Giants,2012.0,Action
705,Need for Speed: Most Wanted 5-1-0,2005.0,Racing
706,The Legend of Zelda: Oracle of Ages,2001.0,Adventure
707,FIFA Soccer 09,2008.0,Sports
708,Hot Shots Golf: Open Tee,2004.0,Sports
709,Wipeout: The Game,2009.0,Misc
710,Your Shape featuring Jenny McCarthy,2009.0,Sports
711,Red Faction,2001.0,Shooter
712,The Sims: Makin' Magic,2003.0,Simulation
713,MX Unleashed,2004.0,Racing
714,Metal Gear Solid: Peace Walker,2010.0,Action
715,PaRappa The Rapper,1996.0,Misc
716,Kirby Squeak Squad,2006.0,Platform
717,Mario Party 3,2000.0,Misc
718,Tom Clancy's Rainbow Six: Vegas,2006.0,Shooter
719,Just Dance 3,2011.0,Misc
720,Star Wars Rogue Leader: Rogue Squadron II,2001.0,Simulation
721,Dance Central 2,2011.0,Misc
722,Need For Speed: Undercover,2008.0,Racing
723,Kingdom Hearts: Birth by Sleep,2010.0,Role-Playing
724,Kingdom Hearts 358/2 Days,2009.0,Role-Playing
725,Yu-Gi-Oh! Forbidden Memories,1999.0,Role-Playing
726,Mortal Kombat: Deception,2004.0,Fighting
727,Hot Shots Golf 2,1999.0,Sports
728,Medal of Honor: European Assault (All Region sales),2005.0,Shooter
729,Far Cry 3,2012.0,Shooter
730,WCW Nitro,1998.0,Fighting
731,Star Fox Adventures,2002.0,Adventure
732,FIFA 2000,1998.0,Sports
733,Dynasty Warriors 3,2001.0,Action
734,Call of Duty: World at War,2008.0,Shooter
735,The Legend of Zelda: Oracle of Seasons,2001.0,Adventure
736,Madden NFL 06,2005.0,Sports
737,Shrek 2,2004.0,Platform
738,The Legend of Dragoon,1999.0,Role-Playing
739,Turok 2: Seeds of Evil,1997.0,Platform
740,SingStar,2004.0,Misc
741,Dead Space,2008.0,Action
742,NBA Live 2002,2001.0,Sports
743,Chrono Cross,1999.0,Role-Playing
744,Jak 3,2004.0,Platform
745,Kingdom Hearts: Chain of Memories,2004.0,Role-Playing
746,Pinball,1984.0,Action
747,Gran Turismo Concept 2001 Tokyo,,Racing
748,Madden NFL 09,2008.0,Sports
749,NCAA Football 06,2005.0,Sports
750,"Hey You, Pikachu!",1998.0,Simulation
751,Jet Moto,1996.0,Racing
752,Secret of Mana,1993.0,Role-Playing
753,Game Party 2,2008.0,Misc
754,Mario Super Sluggers,2008.0,Sports
755,Air Combat,1995.0,Simulation
756,Call of Duty 2,2005.0,Shooter
757,Need for Speed: Shift,2009.0,Racing
758,Sonic & Knuckles,1994.0,Platform
759,Namco Museum,2001.0,Misc
760,The Sims: Hot Date,2001.0,Simulation
761,DDRMAX2: Dance Dance Revolution,2003.0,Simulation
762,Guitar Hero: World Tour,2008.0,Misc
763,Crazy Taxi,2000.0,Racing
764,Virtua Fighter 4,2002.0,Fighting
765,LEGO Star Wars: The Complete Saga,2007.0,Action
766,Toy Story 3: The Video Game,2010.0,Action
767,Sly 2: Band of Thieves,2004.0,Platform
768,Sonic Advance 2,2002.0,Platform
769,NFL GameDay 2000,1999.0,Sports
770,Dead Island,2011.0,Action
771,Borderlands,2009.0,Shooter
772,The Lion King,1994.0,Platform
773,Midnight Club II,2003.0,Racing
774,Rayman Raving Rabbids 2,2007.0,Misc
775,SpongeBob SquarePants: SuperSponge,2001.0,Action
776,Madden NFL 07,2006.0,Sports
777,The Getaway: Black Monday,2004.0,Action
778,Need for Speed: The Run,2011.0,Racing
779,50 Cent: Bulletproof,2005.0,Action
780,Final Fantasy II,1991.0,Role-Playing
781,Kirby 64: The Crystal Shards,2000.0,Platform
782,Dead or Alive 3,2001.0,Fighting
783,Phineas and Ferb,2009.0,Action
784,Metroid II: Return of Samus,1991.0,Adventure
785,WWF Attitude,1998.0,Fighting
786,The SpongeBob SquarePants Movie,2004.0,Platform
787,Golden Sun,2001.0,Role-Playing
788,Kid Icarus,1986.0,Platform
789,Sonic the Hedgehog 3,1994.0,Platform
790,Def Jam: Fight for NY,2004.0,Action
791,Tom Clancy's Ghost Recon,2002.0,Shooter
792,State of Emergency,2002.0,Action
793,The Urbz: Sims in the City,2004.0,Simulation
794,Burnout Paradise,2008.0,Racing
795,Star Wars: Starfighter,2001.0,Simulation
796,Madden NFL 2000,1998.0,Sports
797,Star Wars Battlefront,2004.0,Shooter
798,Pro Evolution Soccer,2001.0,Sports
799,Star Wars: The Force Unleashed,2008.0,Action
800,Kirby's Adventure,1993.0,Platform
801,Disney's Aladdin,1993.0,Platform
802,GoldenEye 007 (2010),2010.0,Action
803,Star Wars Episode I: The Phantom Menace,1999.0,Adventure
804,Xenosaga Episode I: Der Wille zur Macht,2002.0,Role-Playing
805,Dragon Quest Monsters: Joker,2006.0,Role-Playing
806,Madden NFL 99,1998.0,Sports
807,SSX Tricky,2001.0,Sports
808,Twisted Metal III,1998.0,Action
809,Nintendo Land,2012.0,Action
810,Harry Potter and the Sorcerer's Stone,2001.0,Action
811,Rockstar Games Double Pack: Grand Theft Auto III & Grand Theft Auto Vice City,2003.0,Action
812,Call of Duty: World at War Final Fronts,2008.0,Shooter
813,Need for Speed: Most Wanted - A Criterion Game,2012.0,Racing
814,Madden NFL 2005,2004.0,Sports
815,Star Ocean: Till The End of Time,2003.0,Role-Playing
816,NBA 2K11,2010.0,Sports
817,Toy Story 2: Buzz Lightyear to the Rescue!,1998.0,Platform
818,Ace Combat 5: The Unsung War,2004.0,Simulation
819,Need for Speed Underground,2003.0,Racing
820,Tetris Worlds,2001.0,Puzzle
821,FIFA Soccer 08,2007.0,Sports
822,The Orange Box,2007.0,Shooter
823,The Sims 2: University,2005.0,Simulation
824,UFC 2009 Undisputed,2009.0,Fighting
825,FIFA Soccer 10,2009.0,Sports
826,NBA 2K13,2012.0,Action
827,Super Puyo Puyo,1993.0,Puzzle
828,Guild Wars 2,2012.0,Role-Playing
829,NCAA Football 07,2006.0,Sports
830,SOCOM 3: U.S. Navy SEALs,2005.0,Shooter
831,Jampack Winter '99,1999.0,Misc
832,WCW vs. nWo: World Tour,1997.0,Fighting
833,Crackdown,2007.0,Shooter
834,WCW/NWO Thunder,1998.0,Fighting
835,Harry Potter and the Sorcerer's Stone,2001.0,Action
836,Dragon Ball Z: The Legacy of Goku,2002.0,Role-Playing
837,Ratchet & Clank Future: A Crack in Time,2009.0,Platform
838,Imagine: Teacher,2008.0,Simulation
839,Resident Evil 4,2005.0,Action
840,World Championship Poker: Featuring Howard Lederer - All In,2006.0,Misc
841,Demon's Souls,2009.0,Role-Playing
842,NFL GameDay 98,1997.0,Sports
843,Mortal Kombat vs DC Universe,2008.0,Fighting
844,Yoshi's Cookie,1992.0,Puzzle
845,Time Crisis,1997.0,Shooter
846,Ben 10: Protector of Earth,2007.0,Action
847,The Sims: Superstar,2003.0,Simulation
848,Metroid Fusion,2002.0,Adventure
849,SSX 3,2003.0,Sports
850,Madden NFL 2001,2000.0,Sports
851,Toy Story Mania!,2009.0,Misc
852,Star Wars Battlefront II,2005.0,Shooter
853,"Monsters, Inc.",2001.0,Adventure
854,Tony Hawk's Pro Skater 3,2001.0,Sports
855,Disney's DuckTales,1989.0,Platform
856,PGR: Project Gotham Racing 2,2003.0,Racing
857,Spy Hunter,2001.0,Racing
858,NCAA Football 2004,2003.0,Sports
859,SpongeBob SquarePants: Battle for Bikini Bottom,2003.0,Platform
860,The Beatles: Rock Band,2009.0,Misc
861,Street Fighter II': Special Champion Edition,1992.0,Fighting
862,SSX,2000.0,Sports
863,NBA Ballers,2004.0,Sports
864,NBA Live 2003,2002.0,Sports
865,Dragon Ball Z: Budokai Tenkaichi,2005.0,Fighting
866,Street Fighter IV,2009.0,Fighting
867,Personal Trainer: Math,2007.0,Puzzle
868,Mario Party 6,2004.0,Misc
869,Super Scope 6,1991.0,Shooter
870,Metroid Prime 3: Corruption,2007.0,Shooter
871,Kirby & the Amazing Mirror,2004.0,Platform
872,Tom Clancy's Rainbow Six,1999.0,Shooter
873,Ghosts 'n Goblins,1986.0,Platform
874,Tiger Woods PGA Tour 2003,2002.0,Sports
875,NBA Live 06 (All region sales),2005.0,Sports
876,Prince of Persia: Warrior Within,2004.0,Adventure
877,Big Beach Sports,2008.0,Sports
878,New Super Mario Bros. U,2012.0,Action
879,ESPN NFL 2K5,2004.0,Sports
880,Fight Night Round 3,2006.0,Fighting
881,Pikmin,2001.0,Strategy
882,Tiger Woods PGA Tour 2004,2003.0,Sports
883,We Ski,2008.0,Sports
884,Portal 2,2011.0,Shooter
885,Ape Escape,1999.0,Platform
886,NCAA Football 2005,2004.0,Sports
887,Shaun White Snowboarding: Road Trip,2008.0,Sports
888,Tony Hawk's American Wasteland (Old all region sales),2005.0,Sports
889,Kirby Air Ride,2003.0,Racing
890,Star Wars Battlefront: Renegade Squadron,2007.0,Shooter
891,Sled Storm,1998.0,Racing
892,NFL Street 2,2004.0,Sports
893,Dragon Quest VI: Realms of Revelation,2010.0,Role-Playing
894,Yu-Gi-Oh! Duel Monsters,1998.0,Strategy
895,Super Mario Strikers,2005.0,Sports
896,Buzz! The Music Quiz,2005.0,Misc
897,Midnight Club 3: DUB Edition (America/Others Sales),2005.0,Racing
898,F-1 World Grand Prix,1998.0,Racing
899,Silent Hill,1999.0,Adventure
900,Sonic Heroes,2003.0,Platform
901,Saints Row 2,2008.0,Action
902,ESPN NBA 2K5,2004.0,Sports
903,Grand Theft Auto: Episodes from Liberty City,2010.0,Adventure
904,The Legend of Zelda: Twilight Princess,2006.0,Adventure
905,Army of Two,2008.0,Shooter
906,The Sims 3: Pets,2011.0,Simulation
907,Soul Blade,1996.0,Fighting
908,Dragon Quest IV: Chapters of the Chosen,2007.0,Role-Playing
909,NASCAR 2000,1999.0,Racing
910,MySims,2007.0,Simulation
911,Need for Speed Carbon,2006.0,Racing
912,Star Wars The Clone Wars: Lightsaber Duels,2008.0,Action
913,Jampack Summer 2K,2000.0,Misc
914,Spyro 2: Season of Flame,2002.0,Platform
915,Pro Evolution Soccer 2008,2007.0,Sports
916,Heavenly Sword,2007.0,Action
917,Pro Evolution Soccer 2010,2009.0,Sports
918,NCAA Football 2002,2001.0,Sports
919,Mario Hoops 3 on 3,2006.0,Sports
920,Viva Pinata,2006.0,Simulation
921,Conflict: Desert Storm,2002.0,Shooter
922,Mario Party 7,2005.0,Misc
923,Mortal Kombat,2011.0,Fighting
924,Just Cause 2,2010.0,Action
925,Smuggler's Run,2000.0,Racing
926,Fight Night Round 3,2006.0,Fighting
927,Donkey Kong Classics,1988.0,Platform
928,Twisted Metal,1995.0,Action
929,Final Fight,1990.0,Action
930,Pokemon Pinball: Ruby & Sapphire,2003.0,Misc
931,Stuntman,2002.0,Racing
932,Skate 3,2010.0,Sports
933,Tom Clancy's Rainbow Six 3,2003.0,Shooter
934,Mortal Kombat vs DC Universe,2008.0,Fighting
935,Spider-Man 2: Enter: Electro,2001.0,Action
936,007: The World is not Enough,2000.0,Action
937,Rock Band,,Misc
938,Hannah Montana: Music Jam,2007.0,Action
939,inFAMOUS 2,2011.0,Action
940,Command & Conquer: Tiberian Sun,1999.0,Strategy
941,Dark Cloud,2000.0,Role-Playing
942,Warcraft III: The Frozen Throne,2003.0,Strategy
943,MVP Baseball 2005,2005.0,Sports
944,Far Cry 2,2008.0,Shooter
945,SpongeBob's Atlantis SquarePantis,2007.0,Adventure
946,Resident Evil 6,2012.0,Action
947,Die Hard Trilogy,1996.0,Shooter
948,Kirby's Return to Dreamland,2011.0,Platform
949,Warcraft III: Reign of Chaos,2002.0,Strategy
950,Mortal Kombat 3,1994.0,Fighting
951,Guitar Hero: On Tour Decades,2008.0,Misc
952,NFL GameDay 99,1998.0,Sports
953,Dragon Quest V: Hand of the Heavenly Bride,2008.0,Role-Playing
954,High School Musical 3: Senior Year,2008.0,Misc
955,Mario Golf: Toadstool Tour,2003.0,Sports
956,Tiger Woods 99 PGA Tour Golf,1997.0,Sports
957,Pokémon Mystery Dungeon: Explorers of Sky,2009.0,Role-Playing
958,Game Party 3,2009.0,Puzzle
959,Knockout Kings,1997.0,Fighting
960,The Simpsons Skateboarding,2002.0,Sports
961,Need For Speed: Undercover,2008.0,Racing
962,Active Life: Outdoor Challenge,2008.0,Sports
963,Pokémon Battle Revolution,2006.0,Role-Playing
964,NASCAR 98,1996.0,Racing
965,F1 Race,1984.0,Racing
966,NASCAR 99,1998.0,Racing
967,NBA Live 2000,1998.0,Sports
968,Super Monkey Ball 2,2002.0,Puzzle
969,Pac-Man World 2,2002.0,Action
970,SoulCalibur IV,2008.0,Fighting
971,Assassin's Creed: Bloodlines,2009.0,Action
972,Simpsons Wrestling,2001.0,Fighting
973,MySims Kingdom,2008.0,Simulation
974,NBA Live 98,1997.0,Sports
975,The Simpsons Game,2007.0,Platform
976,Monopoly,1997.0,Misc
977,Gran Turismo 4 Prologue,2003.0,Racing
978,SoulCalibur II,2003.0,Fighting
979,Tokyo Xtreme Racer Zero,2000.0,Racing
980,NFL Blitz,1998.0,Sports
981,Red Faction II,2002.0,Shooter
982,Madden NFL 2001,2000.0,Sports
983,WWF No Mercy,2000.0,Fighting
984,Sonic CD,1993.0,Platform
985,Ice Climber,1985.0,Platform
986,Ninja Hattori Kun: Ninja wa Shuugyou Degogiru no Maki,1986.0,Platform
987,Mega Man 2,1988.0,Action
988,Dragon Age: Origins,2009.0,Role-Playing
989,Pac-Man World,1998.0,Action
990,Final Fantasy: Crystal Chronicles,2003.0,Role-Playing
991,Resident Evil: The Umbrella Chronicles,2007.0,Shooter
992,Medal of Honor: Frontline,2002.0,Shooter
993,Madden NFL 09,2008.0,Sports
994,Banjo-Tooie,2000.0,Platform
995,Buzz! The BIG Quiz,2006.0,Misc
996,Hitman: Absolution,2012.0,Action
997,Dirge of Cerberus: Final Fantasy VII,2006.0,Shooter
998,MySims Kingdom,2008.0,Simulation
999,Nintendo World Cup,1990.0,Sports
1000,Wario Land II,1997.0,Platform
1001,WWF WrestleMania 2000,1999.0,Fighting
1002,Tom Clancy's Ghost Recon Advanced Warfighter,2006.0,Shooter
1003,Major League Baseball 2K5,2005.0,Sports
1004,Fight Night 2004,2004.0,Fighting
1005,Tom Clancy's Splinter Cell: Pandora Tomorrow,2004.0,Action
1006,Rage,2011.0,Shooter
1007,Guitar Hero 5,2009.0,Misc
1008,The Simpsons Game,2007.0,Platform
1009,Mario Golf,1999.0,Sports
1010,Disney Princess,2003.0,Platform
1011,Imagine: Master Chef,2007.0,Simulation
1012,Call of Duty: Modern Warfare: Reflex Edition,2009.0,Shooter
1013,New Play Control! Mario Power Tennis,2009.0,Sports
1014,Xenogears,1998.0,Role-Playing
1015,The SpongeBob SquarePants Movie,2004.0,Platform
1016,Midway Arcade Treasures,2003.0,Misc
1017,Triple Play 99,,Sports
1018,Devil May Cry 4,2008.0,Action
1019,Super Monkey Ball,2001.0,Puzzle
1020,Disney Sing It: Pop Hits,2009.0,Misc
1021,Mortal Kombat 4,1998.0,Fighting
1022,Mario Superstar Baseball,2005.0,Sports
1023,WCW vs the World,1998.0,Fighting
1024,Onimusha 3: Demon Siege,2004.0,Action
1025,Red Dead Revolver,2004.0,Shooter
1026,Resident Evil Outbreak,2003.0,Action
1027,Tamagotchi,1996.0,Simulation
1028,Namco Museum 64,1999.0,Misc
1029,Sonic Colors,2010.0,Platform
1030,Dark Souls,2011.0,Role-Playing
1031,Call of Duty: Black Ops,,Shooter
1032,Drawn To Life: SpongeBob SquarePants Edition,2008.0,Adventure
1033,SingStar Pop,2007.0,Misc
1034,Kirby Super Star,1996.0,Platform
1035,Tiger Woods PGA Tour 2005,2004.0,Sports
1036,NCAA Football 2003,2002.0,Sports
1037,Frogger 2: Swampy's Revenge,1999.0,Action
1038,Disney's DuckTales,1988.0,Platform
1039,Classic NES Series: Super Mario Bros.,2004.0,Platform
1040,Triple Play 2000,1999.0,Sports
1041,Wall-E,2008.0,Platform
1042,Rock Band 2,2008.0,Misc
1043,Fight Night Round 4,2009.0,Fighting
1044,Fight Night Round 3,2006.0,Fighting
1045,NBA Live 06 (Weekly american sales),2005.0,Sports
1046,Disney Fairies: Tinker Bell,2008.0,Adventure
1047,The Legend of Zelda: The Minish Cap,2004.0,Adventure
1048,NFL Street,2004.0,Sports
1049,Super Metroid,1994.0,Adventure
1050,Resident Evil,2002.0,Action
1051,Just Cause 2,2010.0,Action
1052,LEGO Star Wars: The Video Game,2005.0,Action
1053,My Word Coach,2007.0,Misc
1054,The Lion King,1994.0,Platform
1055,Knockout Kings 2000,1999.0,Fighting
1056,Twisted Metal: Black,2001.0,Racing
1057,NASCAR 2005: Chase for the Cup,2004.0,Racing
1058,Spider-Man: The Movie,2002.0,Action
1059,Football Manager 2012,2011.0,Sports
1060,The House of the Dead 2 & 3 Return,2008.0,Shooter
1061,Need For Speed: Undercover,2008.0,Racing
1062,Sonic Advance 3,2004.0,Platform
1063,Final Fantasy III,1990.0,Role-Playing
1064,007: Quantum of Solace,2008.0,Action
1065,Paper Mario: Sticker Star,2012.0,Action
1066,WWE SmackDown vs Raw 2008,2007.0,Fighting
1067,Colin McRae Rally 3,2002.0,Racing
1068,Tiger Woods PGA Tour 09 All-Play,2008.0,Sports
1069,Portal 2,2011.0,Shooter
1070,Madden NFL 2002,2001.0,Sports
1071,Smarty Pants,2007.0,Misc
1072,Battlefield: Bad Company,2008.0,Shooter
1073,NBA Jam,1994.0,Sports
1074,Dynasty Warriors 5,2005.0,Action
1075,Call of Duty 3,2006.0,Shooter
1076,Hitman: Absolution,2012.0,Action
1077,Hasbro Family Game Night,2008.0,Puzzle
1078,Kinectimals,2010.0,Simulation
1079,True Crime: Streets of LA,2003.0,Action
1080,Homefront,2011.0,Shooter
1081,Paper Mario,2000.0,Role-Playing
1082,Duke Nukem: Time to Kill,1998.0,Shooter
1083,Hannah Montana: Spotlight World Tour,2007.0,Action
1084,Dave Mirra Freestyle BMX 2,2001.0,Sports
1085,LEGO Indiana Jones: The Original Adventures,2008.0,Adventure
1086,A Collection of Activision Classic Games for the Atari 2600,1998.0,Misc
1087,Ridge Racer,2004.0,Racing
1088,BioShock 2,2010.0,Shooter
1089,Star Wars Knights of the Old Republic II: The Sith Lords,2004.0,Role-Playing
1090,Pocket Monsters Stadium,1998.0,Strategy
1091,Sid Meier's Civilization V,2010.0,Strategy
1092,Sonic Classic Collection,2010.0,Platform
1093,Tom Clancy's Ghost Recon 2,2004.0,Shooter
1094,Borderlands 2,2012.0,Shooter
1095,SingStar Abba,2008.0,Misc
1096,Dead to Rights,2002.0,Shooter
1097,Sonic Rivals,2006.0,Racing
1098,LEGO Star Wars III: The Clone Wars,2011.0,Action
1099,Dragon Quest Monsters: Joker 2,2010.0,Role-Playing
1100,The Sims 3: Late Night Expansion Pack,2010.0,Simulation
1101,Rayman Raving Rabbids,2006.0,Misc
1102,LEGO Star Wars II: The Original Trilogy,2006.0,Action
1103,Madden NFL 98,1997.0,Sports
1104,Sega Genesis Collection,2006.0,Misc
1105,Samurai Warriors,2004.0,Action
1106,The Simpsons: Hit & Run,2003.0,Racing
1107,SoulCalibur IV,2008.0,Fighting
1108,SaGa Frontier,1997.0,Role-Playing
1109,SingStar Party,2004.0,Misc
1110,Inazuma Eleven 2: Blizzard / Firestorm,2009.0,Role-Playing
1111,Test Drive,2002.0,Racing
1112,Super Scribblenauts,2010.0,Puzzle
1113,Final Fantasy XII: Revenant Wings,2007.0,Role-Playing
1114,Fight Night Round 4,2009.0,Fighting
1115,Mortal Kombat 3,1994.0,Fighting
1116,Doom 3,2005.0,Shooter
1117,Dead Space 2,2011.0,Shooter
1118,Donkey Kong Jungle Beat,2004.0,Platform
1119,Need for Speed Carbon,2006.0,Racing
1120,FIFA Soccer 08,2007.0,Sports
1121,Max Payne 2: The Fall of Max Payne,2003.0,Shooter
1122,MVP Baseball 2004,2004.0,Sports
1123,FIFA Soccer 08,2007.0,Sports
1124,Spider-Man: The Movie,2002.0,Action
1125,WWF War Zone,1998.0,Fighting
1126,Tony Hawk's Pro Skater,2000.0,Sports
1127,The Sims: Bustin' Out,2003.0,Simulation
1128,Triple Play 2001,2000.0,Sports
1129,Metroid Prime 2: Echoes,2004.0,Shooter
1130,Corvette,2004.0,Racing
1131,UFC Undisputed 2010,2010.0,Fighting
1132,Command & Conquer: Red Alert 2,2000.0,Strategy
1133,Dead Rising 2,2010.0,Action
1134,Gyromite,1985.0,Puzzle
1135,NFL 2K3,2002.0,Sports
1136,Fighting Force,1997.0,Fighting
1137,Mega Man Battle Network 4: Red Sun / Blue Moon,2003.0,Role-Playing
1138,Madden NFL 97,1996.0,Sports
1139,TNN Motor Sports Hardcore 4x4,1996.0,Racing
1140,Hello Kitty Party,2007.0,Misc
1141,Ridge Racer 7,2006.0,Racing
1142,IHRA Drag Racing 2,2002.0,Racing
1143,FIFA Soccer 09,2008.0,Sports
1144,Madagascar,2005.0,Platform
1145,Rugrats Studio Tour,1999.0,Adventure
1146,Sonic Rivals 2,2007.0,Racing
1147,Turok: Evolution,2002.0,Shooter
1148,Kinect Star Wars,2012.0,Action
1149,Burnout 3: Takedown,2004.0,Racing
1150,Yu-Gi-Oh! The Sacred Cards,2002.0,Role-Playing
1151,Hasbro Family Game Night 2,2009.0,Misc
1152,NBA Live 07,2006.0,Sports
1153,LEGO Indiana Jones 2: The Adventure Continues,2009.0,Adventure
1154,Yoshi's Cookie,1992.0,Puzzle
1155,Monster Hunter Freedom,2005.0,Role-Playing
1156,World of Warcraft: Mists of Pandaria,2012.0,Role-Playing
1157,SingStar '80s,2005.0,Misc
1158,Dead Space,2008.0,Action
1159,Test Drive 5,1997.0,Racing
1160,R.B.I. Baseball 2,1987.0,Sports
1161,Lost Planet: Extreme Condition,2006.0,Shooter
1162,Digimon World,1999.0,Role-Playing
1163,Tom Clancy's Rainbow Six: Vegas 2,2008.0,Shooter
1164,Mega Man Battle Network 3 Blue / White Version,2002.0,Role-Playing
1165,Resident Evil Zero,2002.0,Action
1166,Far Cry 2,2008.0,Shooter
1167,Need for Speed Underground Rivals,2005.0,Racing
1168,Pirates of the Caribbean: The Curse of the Black Pearl,2003.0,Platform
1169,Transformers,2004.0,Shooter
1170,Super Street Fighter IV,2010.0,Fighting
1171,Gardening Mama,2009.0,Puzzle
1172,Skate 3,2010.0,Sports
1173,Moshi Monsters: Moshling Zoo,2011.0,Misc
1174,Devil May Cry 4,2008.0,Action
1175,Midnight Club 3: DUB Edition (America weekly sales),2005.0,Racing
1176,Petz Wild Animals: Dolphinz,2007.0,Simulation
1177,Champions of Norrath,2004.0,Role-Playing
1178,Resistance 3,2011.0,Shooter
1179,WWE SmackDown vs Raw 2008,2007.0,Fighting
1180,Mafia II,2010.0,Action
1181,Army Men 3D,1999.0,Action
1182,MAG: Massive Action Game,2010.0,Shooter
1183,Twisted Metal 4,1999.0,Racing
1184,Manhunt,2003.0,Action
1185,The Sims 2,2005.0,Simulation
1186,Silent Hill 2,2001.0,Action
1187,Disney Princess: Magical Jewels,2007.0,Adventure
1188,Castlevania: Symphony of the Night,1997.0,Platform
1189,LEGO Batman: The Videogame,2008.0,Adventure
1190,Road Rash,1995.0,Racing
1191,Tony Hawk's Underground,2003.0,Sports
1192,Hogan's Alley,1984.0,Shooter
1193,Xevious,1984.0,Shooter
1194,Burnout Paradise,2008.0,Racing
1195,Imagine: Wedding Designer,2008.0,Simulation
1196,.hack//Infection Part 1,2002.0,Role-Playing
1197,Forza: Horizon,2012.0,Racing
1198,Sonic Adventure DX: Director's Cut,2003.0,Platform
1199,Jet Li: Rise to Honor,2004.0,Action
1200,Battle Arena Toshinden,1994.0,Fighting
1201,Devil Dice,1998.0,Puzzle
1202,EA Playground,2007.0,Sports
1203,Mafia II,2010.0,Action
1204,NBA 2K9,2008.0,Sports
1205,Grand Theft Auto: Chinatown Wars,2009.0,Adventure
1206,Toy Story 3: The Video Game,2010.0,Action
1207,Bakugan: Battle Brawlers,2009.0,Action
1208,Wheel of Fortune,1998.0,Misc
1209,The Beatles: Rock Band,2009.0,Misc
1210,High School Musical 3: Senior Year DANCE!,2008.0,Misc
1211,Dead Space 2,2011.0,Shooter
1212,[Prototype],2009.0,Action
1213,Call of Duty: Black Ops,2010.0,Shooter
1214,UFC Undisputed 2010,2010.0,Fighting
1215,NBA Live 2001,2000.0,Sports
1216,Star Wars: The Force Unleashed,2008.0,Action
1217,Star Wars: The Force Unleashed II,2010.0,Action
1218,Disney Princess: Enchanted Journey,2007.0,Adventure
1219,Gegege no Kitarou 2: Youkai Gundan no Chousen,1987.0,Role-Playing
1220,Reel Fishing,1996.0,Sports
1221,Max Payne 3,2012.0,Shooter
1222,F1 2010,2010.0,Racing
1223,LEGO Pirates of the Caribbean: The Video Game,2011.0,Action
1224,Pokémon XD: Gale of Darkness,2005.0,Role-Playing
1225,Black,2006.0,Shooter
1226,Kinect Joy Ride,2010.0,Racing
1227,Rockstar Games presents Table Tennis,2007.0,Sports
1228,Battlefield: Bad Company,2008.0,Shooter
1229,Lara Croft Tomb Raider: The Angel of Darkness,2003.0,Action
1230,Tom Clancy's Splinter Cell: Pandora Tomorrow,2004.0,Action
1231,Road Rash 3D,1998.0,Racing
1232,Ratchet: Deadlocked,2005.0,Shooter
1233,Baldur's Gate: Dark Alliance,2001.0,Role-Playing
1234,Gold's Gym: Cardio Workout,2008.0,Sports
1235,Oddworld: Abe's Oddysee,1997.0,Platform
1236,MotorStorm: Pacific Rift,2008.0,Racing
1237,Ridge Racer V,2000.0,Racing
1238,Jillian Michaels' Fitness Ultimatum 2009,2008.0,Sports
1239,Tamagotchi Connection: Corner Shop,2005.0,Simulation
1240,WWE SmackDown vs. Raw 2009,2008.0,Fighting
1241,The Sims 2: Nightlife,2005.0,Simulation
1242,Tetris 2 (All region sales),1992.0,Puzzle
1243,Dead Rising 2,2010.0,Action
1244,Star Wars Episode III: Revenge of the Sith,2005.0,Action
1245,Dishonored,2012.0,Shooter
1246,Guitar Hero: Aerosmith,2008.0,Misc
1247,Need for Speed Carbon,2006.0,Racing
1248,Frogger: The Great Quest,2001.0,Platform
1249,Ninja Gaiden,2004.0,Action
1250,Crash Bandicoot: The Wrath of Cortex,2002.0,Platform
1251,Driv3r,2004.0,Racing
1252,Mass Effect 2,2011.0,Role-Playing
1253,Mystery Case Files: MillionHeir,2008.0,Adventure
1254,Disney's Tarzan / Disney's Aladdin in Nasira's Revenge / Disney's The Emperor's New Groove Action Game,2003.0,Misc
1255,Kirby Tilt 'n' Tumble,2000.0,Puzzle
1256,SpongeBob SquarePants: Battle for Bikini Bottom,2003.0,Platform
1257,Vigilante 8,1998.0,Racing
1258,Kung Fu Panda,2008.0,Platform
1259,Donkey Kong Country 2,2004.0,Platform
1260,"WarioWare, Inc.: Mega MicroGame$",2003.0,Puzzle
1261,Max Payne 3,2012.0,Shooter
1262,Mario & Luigi: Partners in Time,2005.0,Role-Playing
1263,Go Vacation,2011.0,Misc
1264,Pokémon Ranger: Guardian Signs,2010.0,Role-Playing
1265,Winter Sports: The Ultimate Challenge,2007.0,Sports
1266,Mario Power Tennis,2004.0,Sports
1267,Marvel vs. Capcom 3: Fate of Two Worlds,2011.0,Fighting
1268,Intelligent Qube,1997.0,Puzzle
1269,Ratatouille,2007.0,Platform
1270,NBA Live 99,1997.0,Sports
1271,Golden Sun: The Lost Age,2002.0,Role-Playing
1272,SimCity 2000,1996.0,Simulation
1273,Max Payne,2001.0,Shooter
1274,WCW Mayhem,1998.0,Fighting
1275,NBA 2K2,2002.0,Sports
1276,NASCAR Thunder 2003,,Racing
1277,Sonic's Ultimate Genesis Collection,2009.0,Misc
1278,Cars,2006.0,Racing
1279,Tom Clancy's Ghost Recon: Future Soldier,2012.0,Shooter
1280,Fuzion Frenzy,2001.0,Misc
1281,Tom Clancy's Rainbow Six: Vegas,2007.0,Shooter
1282,Call of Duty: Finest Hour,2004.0,Shooter
1283,Ben 10: Protector of Earth,2007.0,Action
1284,Sly Cooper and the Thievius Raccoonus,2002.0,Platform
1285,Star Wars Episode 1: Jedi Power Battles,1999.0,Action
1286,The Magical Quest starring Mickey Mouse (all region sales),1992.0,Platform
1287,Dino Crisis 2,2000.0,Action
1288,Dragon Quest IV: Michibikareshi Monotachi,2001.0,Role-Playing
1289,Need for Speed Underground,2003.0,Racing
1290,RollerCoaster Tycoon 2,2002.0,Strategy
1291,Shrek / Shrek 2 2-in-1 Gameboy Advance Video,2007.0,Misc
1292,Test Drive 4,1997.0,Racing
1293,Your Shape: Fitness Evolved,2010.0,Sports
1294,Chrono Trigger,2008.0,Role-Playing
1295,Crysis 2,2011.0,Shooter
1296,World Soccer Winning Eleven 9 (JP & Others sales),2005.0,Sports
1297,The Lord of the Rings: The Fellowship of the Ring,2002.0,Action
1298,ATV Offroad Fury 3,2004.0,Racing
1299,Pikmin 2,2004.0,Strategy
1300,Transformers: Autobots / Decepticons,2007.0,Action
1301,SolarStriker,1989.0,Shooter
1302,NFL 2K,1999.0,Sports
1303,Enter the Matrix,2003.0,Action
1304,SOCOM: U.S. Navy SEALs Confrontation,2008.0,Shooter
1305,Alan Wake,2010.0,Action
1306,NHL 2002,2001.0,Sports
1307,FIFA 07 Soccer,2006.0,Sports
1308,Nuclear Strike,1997.0,Simulation
1309,The Simpsons: Road Rage,2003.0,Racing
1310,Diddy Kong Racing DS,2007.0,Racing
1311,SpongeBob SquarePants: Revenge of the Flying Dutchman,2002.0,Platform
1312,Scarface: The World is Yours,2006.0,Adventure
1313,Need for Speed: The Run,2011.0,Racing
1314,Star Wars: The Force Unleashed II,2010.0,Action
1315,Disney's Chip 'n Dale: Rescue Rangers,1990.0,Platform
1316,Kobe Bryant in NBA Courtside,1998.0,Sports
1317,The Dukes of Hazzard: Racing for Home,1999.0,Racing
1318,Pro Evolution Soccer 2008,2008.0,Sports
1319,Hitman 2: Silent Assassin,,Action
1320,Spider-Man: The Movie,2002.0,Action
1321,Final Fantasy I & II: Dawn of Souls,2004.0,Role-Playing
1322,Mega Man X,1993.0,Platform
1323,Metal Gear Solid VR Missions,1999.0,Adventure
1324,PokéPark Wii: Pikachu's Adventure,2009.0,Adventure
1325,EA Sports Active 2,2010.0,Sports
1326,Metroid: Other M,2010.0,Action
1327,Dragon Warrior VII,,Role-Playing
1328,Rage,2011.0,Shooter
1329,Shenmue,1999.0,Adventure
1330,Mario Tennis,2000.0,Sports
1331,Tony Hawk's Pro Skater 2,2001.0,Sports
1332,Super Ghouls 'n Ghosts,1991.0,Platform
1333,Soviet Strike,1996.0,Simulation
1334,Gun,2005.0,Shooter
1335,Tekken 6,2009.0,Fighting
1336,Ty the Tasmanian Tiger,2002.0,Platform
1337,[Prototype],2009.0,Action
1338,Boom Blox,2008.0,Puzzle
1339,Mission: Impossible,1997.0,Action
1340,Rage Racer,1996.0,Racing
1341,Medal of Honor: Rising Sun,2003.0,Shooter
1342,The Sims 2: Castaway,2007.0,Simulation
1343,Destruction Derby 2,1996.0,Racing
1344,WWE SmackDown vs Raw 2008,2007.0,Fighting
1345,Mario vs. Donkey Kong,2004.0,Puzzle
1346,Midnight Club 3: DUB Edition Remix,2006.0,Racing
1347,Tom Clancy's Ghost Recon: Jungle Storm,2004.0,Shooter
1348,Bushido Blade,1997.0,Fighting
1349,Tomb Raider: Underworld,2008.0,Adventure
1350,Disney Sing It,2008.0,Misc
1351,Deus Ex: Human Revolution,2011.0,Shooter
1352,NASCAR Thunder 2002,2001.0,Racing
1353,Mario vs. Donkey Kong 2: March of the Minis,2006.0,Puzzle
1354,Sega Rally Championship,1995.0,Racing
1355,Jet Force Gemini,1999.0,Shooter
1356,Yu-Gi-Oh! The Sacred Cards (American and Others sales),2002.0,Role-Playing
1357,Test Drive: Off Road,1997.0,Racing
1358,The Sims 3,2010.0,Simulation
1359,LEGO Star Wars: The Video Game,2005.0,Action
1360,Football Manager 2011,2010.0,Sports
1361,The Sims 3,2010.0,Simulation
1362,Dragon Warrior Monsters 2: Cobi's Journey,2001.0,Role-Playing
1363,Gauntlet: Dark Legacy,2001.0,Action
1364,Bad Boys: Miami Takedown,2004.0,Shooter
1365,Qix,1990.0,Puzzle
1366,Doraemon,1986.0,Action
1367,Donkey Konga,2003.0,Misc
1368,Final Fantasy IV,2007.0,Role-Playing
1369,Dragon Quest I & II,1993.0,Role-Playing
1370,Tak and the Power of Juju,2003.0,Platform
1371,Asteroids,1998.0,Shooter
1372,Sonic & SEGA All-Stars Racing,2010.0,Racing
1373,Worldwide Soccer Manager 2009,2008.0,Simulation
1374,Action Bass,2000.0,Action
1375,Tenchu: Wrath of Heaven,2003.0,Action
1376,Shadow of the Colossus,2005.0,Adventure
1377,Brave Fencer Musashi,1998.0,Role-Playing
1378,Kingdom Hearts 3D: Dream Drop Distance,2012.0,Role-Playing
1379,Dance Dance Revolution Extreme 2,2005.0,Simulation
1380,Star Wars Battlefront II,2005.0,Shooter
1381,Commando,1986.0,Action
1382,Pilotwings,1990.0,Simulation
1383,Super R.C. Pro-Am,1991.0,Racing
1384,Resident Evil - Code: Veronica,2000.0,Action
1385,South Park,1998.0,Shooter
1386,The Lord of the Rings: The Return of the King,2003.0,Action
1387,LEGO Batman: The Videogame,,Adventure
1388,High School Musical 2: Work This Out!,2008.0,Misc
1389,LEGO Star Wars: The Video Game,2005.0,Action
1390,Grand Theft Auto: The Trilogy,2005.0,Adventure
1391,Guitar Hero: Aerosmith,2008.0,Misc
1392,Mobile Suit Gundam: Federation vs. Zeon,2001.0,Simulation
1393,LEGO Star Wars III: The Clone Wars,2011.0,Action
1394,Need for Speed Underground 2,2004.0,Racing
1395,Sonic Colors,2010.0,Platform
1396,MechAssault,2002.0,Simulation
1397,LEGO Harry Potter: Years 1-4,2010.0,Adventure
1398,Tom Clancy's Rainbow Six 3: Black Arrow,2004.0,Shooter
1399,Donkey Kong,1983.0,Platform
1400,Need for Speed: Most Wanted,2005.0,Racing
1401,Jampack Winter '98,1998.0,Misc
1402,Pokémon Mystery Dungeon: Red Rescue Team (US weekly sales),2005.0,Role-Playing
1403,Metal Gear Solid: Portable Ops,2006.0,Action
1404,Naruto Shippuden: Ultimate Ninja Storm 2,2010.0,Fighting
1405,Supercar Street Challenge,2001.0,Racing
1406,Pilotwings 64,1996.0,Simulation
1407,Mega Man 3,1990.0,Platform
1408,2010 FIFA World Cup South Africa,2010.0,Sports
1409,Call Of Duty 2: Big Red One,2005.0,Shooter
1410,Army of Two,2008.0,Shooter
1411,Guitar Hero 5,2009.0,Misc
1412,WWE SmackDown vs. Raw 2010,2009.0,Fighting
1413,Deus Ex: Human Revolution,2011.0,Shooter
1414,Namco Museum DS,2007.0,Misc
1415,Spider-Man 2,2004.0,Action
1416,WWE '12,2011.0,Fighting
1417,Counter-Strike,2003.0,Shooter
1418,Transformers: The Game,2007.0,Action
1419,Worldwide Soccer Manager 2008,2007.0,Sports
1420,Sonic Rush Adventure,2007.0,Platform
1421,Guitar Hero Encore: Rocks The 80s,2007.0,Misc
1422,Medal of Honor: Airborne,2007.0,Shooter
1423,Sonic the Hedgehog,2006.0,Platform
1424,LEGO Indiana Jones: The Original Adventures,2008.0,Adventure
1425,Rock Band,,Misc
1426,Tom Clancy's Splinter Cell: Chaos Theory,2005.0,Adventure
1427,Arc the Lad,1995.0,Role-Playing
1428,NBA Jam Tournament Edition,1994.0,Sports
1429,Donkey Kong Jr.,1983.0,Platform
1430,Legend of Mana,1999.0,Role-Playing
1431,Wario Land: Shake It!,2008.0,Platform
1432,Crysis 2,2011.0,Shooter
1433,FIFA Soccer 10,2009.0,Sports
1434,Triple Play 98,1997.0,Sports
1435,F-Zero X,1998.0,Racing
1436,Famicom Jump: Eiyuu Retsuden,1989.0,Role-Playing
1437,Lode Runner,1984.0,Puzzle
1438,The Final Fantasy Legend,1989.0,Role-Playing
1439,Popeye,1983.0,Platform
1440,Yu-Gi-Oh! Duel Monsters II: Dark Duel Stories,1999.0,Strategy
1441,Pro Evolution Soccer 2013,2012.0,Sports
1442,Lumines: Puzzle Fusion,2004.0,Puzzle
1443,Final Fantasy Tactics: The War of the Lions,2007.0,Role-Playing
1444,Medal of Honor Heroes 2,2007.0,Shooter
1445,NBA Live 2001,2001.0,Sports
1446,SingStar Legends,2006.0,Misc
1447,SingStar Rocks!,2006.0,Misc
1448,Tales of Symphonia,2003.0,Role-Playing
1449,Valkyria Chronicles,2008.0,Role-Playing
1450,LEGO Indiana Jones 2: The Adventure Continues,2009.0,Adventure
1451,Star Ocean: The Second Story,1998.0,Role-Playing
1452,SOCOM: U.S. Navy SEALs Fireteam Bravo,2005.0,Shooter
1453,BioShock,2008.0,Shooter
1454,Yakuza 2,2006.0,Adventure
1455,Mirror's Edge,2008.0,Action
1456,Dragon Ball Z: The Legacy of Goku II,2003.0,Role-Playing
1457,R.B.I. Baseball 3,1988.0,Sports
1458,NFL 2K1,2000.0,Sports
1459,BeatMania,1998.0,Simulation
1460,Madden NFL 2004,2003.0,Sports
1461,The Godfather,2006.0,Action
1462,Star Wars: Bounty Hunter,2002.0,Shooter
1463,F1 2011,2011.0,Racing
1464,Petz Dogz 2,2007.0,Simulation
1465,Ninja Gaiden Sigma,2007.0,Action
1466,Hot Shots Golf: Out of Bounds,2007.0,Sports
1467,NFL Blitz 2000,1998.0,Sports
1468,NASCAR Thunder 2004,2003.0,Racing
1469,SpongeBob SquarePants: Revenge of the Flying Dutchman,2002.0,Platform
1470,Fisherman's Bass Club,2002.0,Sports
1471,Mirror's Edge,2008.0,Action
1472,Doom 3,2004.0,Shooter
1473,Call of Duty 4: Modern Warfare,2007.0,Shooter
1474,Tom Clancy's Ghost Recon 2,2004.0,Shooter
1475,NERF N-Strike,2008.0,Shooter
1476,Rabbids Go Home,2009.0,Platform
1477,Ready 2 Rumble Boxing,1998.0,Sports
1478,Dragon Ball Z: Taiketsu,2003.0,Fighting
1479,Disney's Lilo & Stitch,2002.0,Platform
1480,LEGO Battles,2009.0,Strategy
1481,Star Fox: Assault,2005.0,Shooter
1482,Doko Demo Issyo,1999.0,Misc
1483,Untold Legends: Brotherhood of the Blade,2005.0,Role-Playing
1484,Virtua Fighter,1994.0,Fighting
1485,WWE SmackDown vs. Raw 2010,2009.0,Fighting
1486,NHL 99,1997.0,Sports
1487,SoulCalibur III,2005.0,Fighting
1488,Imagine: Babysitters,2008.0,Simulation
1489,EA Sports Active: More Workouts,2009.0,Sports
1490,Need for Speed Carbon,2006.0,Racing
1491,Pro Evolution Soccer 2008,2007.0,Sports
1492,Ridge Racer Revolution,1995.0,Racing
1493,007: Quantum of Solace,2008.0,Action
1494,Mass Effect 3,2012.0,Role-Playing
1495,Bayonetta,2009.0,Action
1496,Hot Wheels Turbo Racing,1999.0,Racing
1497,NCAA Football 99,1998.0,Sports
1498,World Tour Soccer,2005.0,Sports
1499,Mortal Kombat: Armageddon,2006.0,Fighting
1500,Freekstyle,2002.0,Racing
1501,Imagine: Fashion Designer New York,2008.0,Simulation
1502,NBA Street V3,2005.0,Sports
1503,Worms Armageddon,1999.0,Strategy
1504,Hulk,2003.0,Action
1505,NFL Blitz,1998.0,Sports
1506,NFL Quarterback Club 98,1997.0,Sports
1507,Tomb Raider: The Last Revelation,1998.0,Action
1508,Spider-Man 2,2004.0,Action
1509,Seek and Destroy,2002.0,Racing
1510,Guitar Hero 5,2009.0,Misc
1511,Crackdown 2,2010.0,Shooter
1512,FIFA Soccer 11,2010.0,Sports
1513,FIFA Soccer 11,2010.0,Sports
1514,Namco Museum Battle Collection,2005.0,Misc
1515,LEGO Battles: Ninjago,2011.0,Strategy
1516,Arc the Lad II,1996.0,Role-Playing
1517,Tag Team Match M.U.S.C.L.E.,1985.0,Fighting
1518,Adventure Island,1986.0,Platform
1519,LEGO Star Wars II: The Original Trilogy,2006.0,Action
1520,NBA 2K3,2002.0,Sports
1521,The Simpsons: Road Rage,2001.0,Racing
1522,Dave Mirra Freestyle BMX,2000.0,Sports
1523,Forza Motorsport,2005.0,Racing
1524,Monster Rancher 2,1998.0,Simulation
1525,Yakuza 3,2009.0,Adventure
1526,MVP Baseball 2003,2003.0,Sports
1527,Legacy of Kain: Soul Reaver,,Action
1528,Tales of Destiny,1997.0,Role-Playing
1529,Diablo II: Lord of Destruction,2001.0,Role-Playing
1530,Medal of Honor: Airborne,2007.0,Shooter
1531,Spore Creatures,2008.0,Simulation
1532,Mega Man X4,1996.0,Platform
1533,Naruto: Clash of Ninja 2,2003.0,Fighting
1534,Skate 2,2009.0,Sports
1535,Dance Dance Revolution SuperNOVA,2006.0,Simulation
1536,Jeremy McGrath Supercross 98,1998.0,Racing
1537,F-Zero: Maximum Velocity,2001.0,Racing
1538,Bomberman 64,1997.0,Puzzle
1539,The Sims 3,2010.0,Simulation
1540,The Biggest Loser,2009.0,Sports
1541,Dante's Inferno,2010.0,Action
1542,Need for Speed: Most Wanted,2005.0,Racing
1543,Imagine: Animal Doctor,2007.0,Simulation
1544,Anno 2070,2011.0,Strategy
1545,Professor Layton and the Mask of Miracle,2011.0,Adventure
1546,SOCOM: U.S. Navy SEALs Fireteam Bravo 2,2006.0,Shooter
1547,Virtua Fighter 5,2007.0,Fighting
1548,MX vs. ATV Unleashed,2005.0,Racing
1549,Sega Superstars Tennis,2008.0,Sports
1550,Tiger Woods PGA Tour 10,2009.0,Sports
1551,The Beatles: Rock Band,2009.0,Misc
1552,NCAA March Madness 2004,2003.0,Sports
1553,Need for Speed: ProStreet,2007.0,Racing
1554,WWE '12,2011.0,Fighting
1555,Donkey Kong Land III,,Platform
1556,Street Fighter Alpha 3,1998.0,Fighting
1557,LEGO Batman: The Videogame,2008.0,Adventure
1558,Kid Icarus: Uprising,2012.0,Action
1559,Dora the Explorer: Dora Saves the Mermaids,2007.0,Platform
1560,Resident Evil: Operation Raccoon City,2012.0,Shooter
1561,MySims Agents,2009.0,Adventure
1562,Shrek 2,2004.0,Platform
1563,Sniper: Ghost Warrior,2010.0,Shooter
1564,GRID,2008.0,Racing
1565,Tomb Raider,1996.0,Action
1566,One Piece Pirate Musou,2012.0,Action
1567,Final Fight 2,1993.0,Action
1568,The Lost World: Jurassic Park,1997.0,Action
1569,Warhawk,2007.0,Simulation
1570,Madden NFL 07,2006.0,Sports
1571,FIFA Soccer 08,2007.0,Sports
1572,Endless Ocean,2007.0,Adventure
1573,Harry Potter and the Prisoner of Azkaban,2004.0,Adventure
1574,Pong: The Next Level,1998.0,Puzzle
1575,Pokémon Rumble Blast,2011.0,Action
1576,DiRT,2007.0,Racing
1577,Petz: Catz 2,2007.0,Simulation
1578,Mercenaries 2: World in Flames,2008.0,Shooter
1579,NBA Jam Tournament Edition,1995.0,Sports
1580,Guitar Hero 5,2009.0,Misc
1581,EyePet,2009.0,Simulation
1582,Oshare Majo Love and Berry: DS Collection,2006.0,Misc
1583,Monster Rancher,1997.0,Simulation
1584,Tiger Woods PGA Tour 08,2007.0,Sports
1585,Guinness World Records: The Videogame,2008.0,Action
1586,The Simpsons Game,2007.0,Platform
1587,WWE SmackDown vs. Raw 2011,2010.0,Fighting
1588,Ford Racing 2,2003.0,Racing
1589,Breath of Fire III,1997.0,Role-Playing
1590,ModNation Racers,2010.0,Racing
1591,Call of Duty 4: Modern Warfare,2007.0,Shooter
1592,Tomb Raider: Underworld,2008.0,Adventure
1593,WWE SmackDown vs. Raw 2010,2009.0,Fighting
1594,Virtua Tennis 3,2007.0,Sports
1595,Dead or Alive 2,2000.0,Fighting
1596,Bully: Scholarship Edition,2008.0,Action
1597,Marvel vs. Capcom 3: Fate of Two Worlds,2011.0,Fighting
1598,Game & Watch Gallery,1997.0,Misc
1599,Excitebike 64,2000.0,Racing
1600,NES Open Tournament Golf,1991.0,Sports
1601,Jissen Pachi-Slot Hisshouhou: Hokuto no Ken,2004.0,Misc
1602,SoulCalibur II,2003.0,Fighting
1603,Winning Eleven: Pro Evolution Soccer 2007 (All Region sales),2006.0,Sports
1604,Road & Track Presents: The Need for Speed,1995.0,Racing
1605,NFL GameDay 2001,2000.0,Sports
1606,Aliens vs Predator,2010.0,Shooter
1607,Tom Clancy's Ghost Recon Advanced Warfighter 2,2007.0,Shooter
1608,NBA Live 97,1996.0,Sports
1609,NERF N-Strike Elite,2009.0,Shooter
1610,Rock Band 2,2008.0,Misc
1611,Dynasty Warriors 3: Xtreme Legends,2002.0,Action
1612,Naruto: Clash of Ninja Revolution,2007.0,Fighting
1613,Prince of Persia,2008.0,Adventure
1614,Jampack Winter 2000,2000.0,Misc
1615,NFL Fever 2002,2000.0,Sports
1616,The Simpsons: Hit & Run,2003.0,Racing
1617,DJ Hero,2009.0,Misc
1618,Star Wars: The Force Unleashed,2008.0,Action
1619,Naruto: Ultimate Ninja Storm,2008.0,Fighting
1620,Oddworld: Abe's Exoddus,1998.0,Platform
1621,Ratchet & Clank: All 4 One,2011.0,Platform
1622,The Bouncer,2000.0,Action
1623,Shadow The Hedgehog,2005.0,Platform
1624,SingStar,2007.0,Misc
1625,Pro Evolution Soccer 2008,2008.0,Sports
1626,The Simpsons Game,2007.0,Platform
1627,Mario Party Advance,2005.0,Misc
1628,Dragon Age II,2011.0,Role-Playing
1629,ZhuZhu Pets,2010.0,Simulation
1630,Resident Evil: The Darkside Chronicles,2009.0,Shooter
1631,NASCAR 99,1998.0,Racing
1632,Suikoden III,,Role-Playing
1633,WipEout Pure,2005.0,Racing
1634,Spore,2008.0,Strategy
1635,MySims Agents,2009.0,Adventure
1636,Super Princess Peach,2005.0,Platform
1637,Madden NFL 10,2009.0,Sports
1638,Tom Clancy's Ghost Recon Advanced Warfighter 2,2007.0,Shooter
1639,PES 2009: Pro Evolution Soccer,2008.0,Sports
1640,NCAA Football 06,2005.0,Sports
1641,Ninja Gaiden II,2008.0,Action
1642,Aliens vs Predator,2010.0,Shooter
1643,The Simpsons Game,2007.0,Platform
1644,Fire Emblem,2003.0,Strategy
1645,Need for Speed: Most Wanted - A Criterion Game,2012.0,Racing
1646,The Orange Box,2007.0,Shooter
1647,Wall-E,2008.0,Platform
1648,NHL 2004,2003.0,Sports
1649,Darksiders,2010.0,Action
1650,Grand Theft Auto: Vice City Stories,2007.0,Action
1651,FIFA Soccer 2005,2004.0,Sports
1652,WWE SmackDown vs Raw 2008,2007.0,Fighting
1653,Sonic Generations,2011.0,Platform
1654,Brink,2011.0,Shooter
1655,Prince of Persia,2008.0,Adventure
1656,Puzzler Collection,2008.0,Puzzle
1657,LEGO Star Wars II: The Original Trilogy,2006.0,Action
1658,Red Dead Redemption: Undead Nightmare,2010.0,Action
1659,Dragon Ball Z: Budokai Tenkaichi 3,2007.0,Fighting
1660,Medal of Honor: Underground,2000.0,Shooter
1661,Dark Cloud 2,2002.0,Role-Playing
1662,Grand Theft Auto: Chinatown Wars,2009.0,Adventure
1663,Cars 2,2011.0,Platform
1664,Jampack Summer '99,1999.0,Misc
1665,LEGO Harry Potter: Years 1-4,2010.0,Adventure
1666,Sonic the Hedgehog,2006.0,Platform
1667,Tamagotchi Connection: Corner Shop 2,2006.0,Simulation
1668,FIFA Soccer 10,2009.0,Sports
1669,NCAA Football 12,2011.0,Sports
1670,Mortal Kombat Trilogy,1996.0,Fighting
1671,NHL 2001,2000.0,Sports
1672,Zoo Tycoon DS,2005.0,Strategy
1673,Shinobi,2002.0,Platform
1674,Mortal Kombat: Deadly Alliance,2002.0,Fighting
1675,ESPN NBA 2K5,2004.0,Sports
1676,WWE '13,2012.0,Action
1677,Wheel of Fortune,,Misc
1678,World Championship Poker,2004.0,Misc
1679,Tom Clancy's Splinter Cell: Chaos Theory,2005.0,Adventure
1680,Junior Brain Trainer,2008.0,Misc
1681,Fallout: New Vegas,2010.0,Role-Playing
1682,SpongeBob SquarePants: Battle for Bikini Bottom,2003.0,Platform
1683,Littlest Pet Shop: Winter,2008.0,Simulation
1684,Wild ARMs,1996.0,Role-Playing
1685,Kessen,2000.0,Strategy
1686,Yu-Gi-Oh! Worldwide Edition: Stairway to the Destined Duel,2003.0,Misc
1687,NCAA Football 2000,1999.0,Sports
1688,Madden NFL 08,2007.0,Sports
1689,Mega Man Star Force Dragon / Leo / Pegasus,2006.0,Role-Playing
1690,Dragon Quest Monsters: Terry's Wonderland 3D,2012.0,Action
1691,Gangs of London,2006.0,Adventure
1692,Killzone,2004.0,Shooter
1693,Colin McRae Rally 04,2003.0,Racing
1694,Ace Combat 6: Fires of Liberation,2007.0,Simulation
1695,The SpongeBob SquarePants Movie,2004.0,Platform
1696,Ace Combat X: Skies of Deception,2006.0,Simulation
1697,Midway Presents Arcade's Greatest Hits: The Atari Collection 1,1996.0,Misc
1698,Castlevania: Lament of Innocence,2003.0,Action
1699,Bulletstorm,2011.0,Shooter
1700,Destroy All Humans!,2005.0,Adventure
1701,MVP Baseball 2005,2005.0,Sports
1702,Ben 10: Alien Force,2008.0,Action
1703,SaGa Frontier 2,1999.0,Role-Playing
1704,Midnight Club: LA Remix,2008.0,Racing
1705,Haze,2008.0,Shooter
1706,NCAA Football 13,2012.0,Sports
1707,MLB 2000,1999.0,Sports
1708,Bully,2006.0,Action
1709,Prince of Persia: The Sands of Time,2003.0,Adventure
1710,Hot Shots Golf Fore!,2003.0,Sports
1711,MLB 06: The Show,2006.0,Sports
1712,NHL 2003,2002.0,Sports
1713,Monster Trucks / Quad Desert Fury Double Value!,2005.0,Racing
1714,Tony Hawk's Pro Skater 4,2002.0,Sports
1715,Empire: Total War,2009.0,Strategy
1716,Toy Story 2: Buzz Lightyear to the Rescue!,1999.0,Platform
1717,Teenage Mutant Ninja Turtles,,Platform
1718,MLB 07: The Show,2007.0,Sports
1719,Inazuma Eleven 3: Sekai e no Chousen!! Bomber / Spark,2010.0,Role-Playing
1720,SnoCross Championship Racing,1999.0,Racing
1721,Uncharted: Golden Abyss,2011.0,Action
1722,Teenage Mutant Ninja Turtles,2003.0,Platform
1723,Top Gun: Combat Zones,2001.0,Simulation
1724,007: The World is not Enough,2000.0,Action
1725,My Weight Loss Coach,2008.0,Sports
1726,DiRT 2,2009.0,Racing
1727,NHL 98,1997.0,Sports
1728,WWE '13,2012.0,Action
1729,Space Jam,1996.0,Sports
1730,NCAA Football 10,2009.0,Sports
1731,Knockout Kings 2000,1999.0,Fighting
1732,Tony Hawk: RIDE,2009.0,Sports
1733,Dishonored,2012.0,Shooter
1734,Toy Story 3: The Video Game,2010.0,Action
1735,Sonic Riders,2006.0,Racing
1736,Starsky & Hutch,2003.0,Racing
1737,Tobal No.1,1996.0,Fighting
1738,The ICO & Shadow of the Colossus Collection,2011.0,Adventure
1739,Sonic and the Black Knight,2009.0,Platform
1740,Mario & Sonic at the London 2012 Olympic Games,2012.0,Sports
1741,Gold's Gym: Dance Workout,2010.0,Sports
1742,Street Hoops,2002.0,Sports
1743,Sonic & SEGA All-Stars Racing,2010.0,Racing
1744,Red Dead Redemption: Undead Nightmare,2010.0,Action
1745,Knockout Kings 2002,2002.0,Sports
1746,Dragon's Dogma,2012.0,Adventure
1747,Disney Fairies: Tinker Bell and the Lost Treasure,2009.0,Adventure
1748,Tokyo Xtreme Racer 3,2003.0,Racing
1749,de Blob,2008.0,Platform
1750,Glover,1998.0,Platform
1751,Colin McRae Rally 2.0,2000.0,Racing
1752,SpongeBob SquarePants: The Yellow Avenger,2006.0,Action
1753,Namco Museum,,Misc
1754,Brutal Legend,2009.0,Action
1755,LEGO Star Wars III: The Clone Wars,2011.0,Action
1756,Sonic Mega Collection Plus,2004.0,Misc
1757,LEGO Batman 2: DC Super Heroes,2012.0,Action
1758,Sonic Free Riders,2010.0,Racing
1759,Medal of Honor: Warfighter,2012.0,Shooter
1760,LEGO Harry Potter: Years 5-7,,Action
1761,Tiger Woods PGA Tour 2002,2002.0,Sports
1762,Sonic Unleashed,2008.0,Platform
1763,Your Shape: Fitness Evolved 2012,2011.0,Sports
1764,AMF Bowling Pinbusters!,2007.0,Sports
1765,FIFA Street,2012.0,Sports
1766,Mini-Yonku Shining Scorpion: Let's & Go!!,1996.0,Racing
1767,MLB 2005,2004.0,Sports
1768,Burnout Revenge,2005.0,Racing
1769,Destruction Derby,1995.0,Racing
1770,3Xtreme,1999.0,Action
1771,Hot Shots Tennis,2006.0,Sports
1772,Sonic Heroes,2003.0,Platform
1773,Madden NFL 99,1998.0,Sports
1774,Spider-Man 3,2007.0,Platform
1775,Super Street Fighter IV: 3D Edition,2011.0,Fighting
1776,James Bond 007: Agent Under Fire,2002.0,Shooter
1777,Apollo Justice: Ace Attorney,2007.0,Adventure
1778,X-Men Legends,2004.0,Role-Playing
1779,NBA Live 2005,2004.0,Sports
1780,MotorStorm: Arctic Edge,2009.0,Racing
1781,Harry Potter: Quidditch World Cup,2003.0,Sports
1782,Sonic Generations,2011.0,Platform
1783,NCAA Football 11,2010.0,Sports
1784,Madagascar,2005.0,Platform
1785,Blitz: The League,,Sports
1786,NBA 2K10,2009.0,Sports
1787,Guitar Hero: Aerosmith,2008.0,Misc
1788,Castlevania: Circle of the Moon,2001.0,Platform
1789,Guitar Hero: Metallica,2009.0,Misc
1790,Tiger Woods PGA Tour 06,2005.0,Sports
1791,Kung Fu Panda,2008.0,Platform
1792,Classic NES Series: The Legend of Zelda,2004.0,Adventure
1793,Fire Emblem: The Sacred Stones,2004.0,Strategy
1794,Pokémon Card GB2: GRdan Sanjou,2001.0,Strategy
1795,Band Hero,2009.0,Misc
1796,Operation Flashpoint: Dragon Rising,2009.0,Shooter
1797,James Cameron's Avatar: The Game,2009.0,Action
1798,Finding Nemo,2003.0,Action
1799,Ace Combat 2,1997.0,Simulation
1800,NFL 2K2,2001.0,Sports
1801,MLB 2001,2000.0,Sports
1802,SingStar Anthems,2006.0,Misc
1803,Mega Man 8 Anniversary Collector's Edition,1996.0,Platform
1804,The Sims 2,2005.0,Simulation
1805,WWE SmackDown vs. Raw 2009,2008.0,Fighting
1806,Phantasy Star Portable,2008.0,Role-Playing
1807,WWE SmackDown vs. Raw 2009,2008.0,Fighting
1808,Skylanders Giants,2012.0,Action
1809,LEGO Indiana Jones: The Original Adventures,2008.0,Adventure
1810,NBA 2K6,2005.0,Action
1811,Buzz! The Mega Quiz,2007.0,Misc
1812,Star Wars: Rebel Assault II - The Hidden Empire,1996.0,Shooter
1813,Call of Duty: Black Ops II,2012.0,Shooter
1814,Tom Clancy's EndWar,2008.0,Strategy
1815,ESPN NHL 2K5,2004.0,Sports
1816,Crimson Skies: High Road to Revenge,2003.0,Simulation
1817,Spec Ops: Ranger Elite,2001.0,Shooter
1818,Gex,1995.0,Platform
1819,TouchMaster 2,2008.0,Puzzle
1820,Yakuza 4,,Adventure
1821,Tom Clancy's Ghost Recon: Island Thunder,2003.0,Shooter
1822,Need for Speed: V-Rally,1997.0,Racing
1823,Kingdom Hearts Re: Chain of Memories,2008.0,Role-Playing
1824,NFL GameDay '97,1996.0,Sports
1825,Tony Hawk's Project 8,2006.0,Sports
1826,NHL 2000,1998.0,Sports
1827,Fight Night Round 2,2005.0,Fighting
1828,Conflict: Desert Storm,2002.0,Shooter
1829,Triple Play 2002,2002.0,Sports
1830,Rocksmith,2011.0,Misc
1831,Brothers in Arms: Hell's Highway,2008.0,Shooter
1832,Vagrant Story,2000.0,Role-Playing
1833,Warriors Orochi,2007.0,Action
1834,We Ski & Snowboard,2008.0,Sports
1835,SingStar '90s,2007.0,Misc
1836,Blue Dragon,2006.0,Role-Playing
1837,Madden NFL 08,2007.0,Sports
1838,MLB 12: The Show,2012.0,Sports
1839,EA Sports Grand Slam Tennis,2009.0,Sports
1840,FIFA Soccer 09 All-Play,2008.0,Sports
1841,Rocky,2002.0,Fighting
1842,Just Dance 4,2012.0,Misc
1843,LEGO Indiana Jones 2: The Adventure Continues,2009.0,Adventure
1844,Kirby: Mass Attack,2011.0,Platform
1845,Ford Racing,2001.0,Racing
1846,Winning Eleven: Pro Evolution Soccer 2007,2006.0,Sports
1847,Madden Football 64,1997.0,Sports
1848,MLB 99,1998.0,Sports
1849,Plants vs. Zombies,2011.0,Strategy
1850,Operation Flashpoint: Dragon Rising,2009.0,Shooter
1851,Metal Gear Ac!d,2004.0,Strategy
1852,Dynasty Warriors 4: Xtreme Legends,2003.0,Action
1853,Monster 4X4: World Circuit,2006.0,Racing
1854,Marvel: Ultimate Alliance 2,2009.0,Role-Playing
1855,Army Men: Air Attack,1999.0,Action
1856,Bayonetta,2009.0,Action
1857,Peppa Pig: The Game,2008.0,Misc
1858,Samba De Amigo,2008.0,Misc
1859,Street Fighter Alpha 2,1996.0,Fighting
1860,White Knight Chronicles: International Edition,2008.0,Role-Playing
1861,Tiger Woods PGA Tour 2005,2004.0,Sports
1862,Sonic Chronicles: The Dark Brotherhood,2008.0,Role-Playing
1863,Dante's Inferno,2010.0,Action
1864,Rampage World Tour,1997.0,Action
1865,FIFA Soccer 08,2007.0,Sports
1866,Brutal Legend,2009.0,Action
1867,Ratatouille,2007.0,Platform
1868,NFL GameDay,1995.0,Sports
1869,Burnout 2: Point of Impact,2002.0,Racing
1870,Street Fighter EX3,2000.0,Fighting
1871,Nickelodeon Fit,2010.0,Sports
1872,Spider-Man 2,2004.0,Action
1873,Fallout 3,2008.0,Role-Playing
1874,Lost Odyssey,2007.0,Role-Playing
1875,Wizards of Waverly Place,2009.0,Misc
1876,Super Street Fighter IV,2010.0,Fighting
1877,The Incredibles,2004.0,Action
1878,Fight Night Champion,2011.0,Fighting
1879,PilotWings Resort,2011.0,Simulation
1880,ATV Quad Power Racing 2,2003.0,Racing
1881,F1 2009,2009.0,Racing
1882,Rocket Power: Team Rocket Rescue,2001.0,Sports
1883,Sonic Unleashed,2008.0,Platform
1884,Big Mutha Truckers,2002.0,Racing
1885,Petz Dogz Fashion,2008.0,Simulation
1886,Rogue Galaxy,2005.0,Role-Playing
1887,ESPN College Hoops 2K5,2004.0,Sports
1888,NBA 2K8,2007.0,Sports
1889,Grand Theft Auto: San Andreas,2005.0,Action
1890,Lost Planet 2,2010.0,Shooter
1891,Metroid: Zero Mission,2004.0,Adventure
1892,Ben 10: Protector of Earth,2007.0,Action
1893,Kingdom Hearts Re:coded,2010.0,Role-Playing
1894,GRID,2008.0,Racing
1895,Guitar Hero: Warriors of Rock,2010.0,Misc
1896,Q*bert,1999.0,Puzzle
1897,DiRT,2007.0,Racing
1898,Ace Combat 3: Electrosphere,1999.0,Simulation
1899,Dynasty Warriors 2,2000.0,Action
1900,Madden NFL 07,,Sports
1901,Army of Two: The 40th Day,2010.0,Shooter
1902,Medal of Honor: Warfighter,2012.0,Shooter
1903,Lizzie McGuire 2: Lizzie Diaries,2004.0,Action
1904,Xenoblade Chronicles,2010.0,Role-Playing
1905,SingStar Abba,2008.0,Misc
1906,FIFA Soccer World Championship,2000.0,Sports
1907,WWE SmackDown vs. Raw 2011,2010.0,Fighting
